No,Nama,Rating,Comments,Links
1,Logitech Z121 2.0 Stereo Speaker USB Compact,1,Suara nya kecil tidak ada bass nya,https://shopee.co.id/Logitech-Z121-2.0-Stereo-Speaker-USB-Compact-i.37146675.1258661141?sp_atk=f71f2217-a1ff-436f-828d-5201d10cdd6a&xptdk=f71f2217-a1ff-436f-828d-5201d10cdd6a
2,Logitech Z121 2.0 Stereo Speaker USB Compact,1,Di OFFICIAL STORE KOK CACAT BARANGNYA,https://shopee.co.id/Logitech-Z121-2.0-Stereo-Speaker-USB-Compact-i.37146675.1258661141?sp_atk=f71f2217-a1ff-436f-828d-5201d10cdd6a&xptdk=f71f2217-a1ff-436f-828d-5201d10cdd6a
3,Logitech Z121 2.0 Stereo Speaker USB Compact,1,Beli speaker malah dikirim mouse gmn sih,https://shopee.co.id/Logitech-Z121-2.0-Stereo-Speaker-USB-Compact-i.37146675.1258661141?sp_atk=f71f2217-a1ff-436f-828d-5201d10cdd6a&xptdk=f71f2217-a1ff-436f-828d-5201d10cdd6a
4,Thinkplus Lenovo K3 Portable Speaker Stereo Mini HiFi Wireless Speaker,1,Sudah dibatalkan kok tetep dikirim,https://shopee.co.id/Thinkplus-Lenovo-K3-Portable-Speaker-Stereo-Mini-HiFi-Wireless-Speaker-i.497337616.10270058665?sp_atk=7259cee7-1d51-476a-89b2-30846836c6e5&xptdk=7259cee7-1d51-476a-89b2-30846836c6e5
5,Thinkplus Lenovo K3 Portable Speaker Stereo Mini HiFi Wireless Speaker,1,"Barangnya pecah ,tidak ada suara ,setiap di nyalain seperti pada vidio.gak bisa.

",https://shopee.co.id/Thinkplus-Lenovo-K3-Portable-Speaker-Stereo-Mini-HiFi-Wireless-Speaker-i.497337616.10270058665?sp_atk=7259cee7-1d51-476a-89b2-30846836c6e5&xptdk=7259cee7-1d51-476a-89b2-30846836c6e5
6,Thinkplus Lenovo K3 Portable Speaker Stereo Mini HiFi Wireless Speaker,1,Gak bisa nyala dan wktu di charge jga lampuny kedip2 nggk stay,https://shopee.co.id/Thinkplus-Lenovo-K3-Portable-Speaker-Stereo-Mini-HiFi-Wireless-Speaker-i.497337616.10270058665?sp_atk=7259cee7-1d51-476a-89b2-30846836c6e5&xptdk=7259cee7-1d51-476a-89b2-30846836c6e5
7,OLIKE SPEAKER BLUETOOTH WIRELESS PORTABLE LOW LATENCY OBS-110,1,"dipake bentar udah copot sendiri tibaÂ², build quality jelek. Body full plastik. Subwoofer gada rasa. Mending nambah dikit, cari jbl go ori.. Produk juga ga support aux/audio out pake kabel. Overall berasa sama kaya speaker produk abal kw cina di pinggir jalan. Low latency jg hanya embelÂ².",https://shopee.co.id/OLIKE-SPEAKER-BLUETOOTH-WIRELESS-PORTABLE-LOW-LATENCY-OBS-110-i.59414059.12036133470?sp_atk=02637eb9-f7e3-465a-9e5e-de3ed015619c&xptdk=02637eb9-f7e3-465a-9e5e-de3ed015619c
8,OLIKE SPEAKER BLUETOOTH WIRELESS PORTABLE LOW LATENCY OBS-111,1,Asli nyesel beli ini. Mending beli speaker bluetooth abal2 suara mendem gak keluar. Volume udah full juga gak kenceng2 amat. Ada cacat pula produknya.,https://shopee.co.id/OLIKE-SPEAKER-BLUETOOTH-WIRELESS-PORTABLE-LOW-LATENCY-OBS-110-i.59414059.12036133470?sp_atk=02637eb9-f7e3-465a-9e5e-de3ed015619c&xptdk=02637eb9-f7e3-465a-9e5e-de3ed015619c
9,OLIKE SPEAKER BLUETOOTH WIRELESS PORTABLE LOW LATENCY OBS-112,1,"Setelah dicas berjam-jam, speaker sempet nyala sebentar, lalu tiba2 mati lagi. Saya udah complain dan minta ganti barang aja ke seller, tapi ga ada solusi yg pasti. Apa karna harga flash sale 100ribu-an jadi kualitas barang jelek yaa? So sad :( mohon maaf dg berat hati saya harus kasi bad review",https://shopee.co.id/OLIKE-SPEAKER-BLUETOOTH-WIRELESS-PORTABLE-LOW-LATENCY-OBS-110-i.59414059.12036133470?sp_atk=02637eb9-f7e3-465a-9e5e-de3ed015619c&xptdk=02637eb9-f7e3-465a-9e5e-de3ed015619c
10,Multimedia Speaker Advance CLS-101 Super Bass 2.0 Channel speaker,1,Baru 2 hari pakai udah ga ada suaranya sama sekali mati .,https://shopee.co.id/Multimedia-Speaker-Advance-CLS-101-Super-Bass-2.0-Channel-speaker-i.131417530.13438174918?sp_atk=37d93b5d-da2d-4938-98dc-81404d25e7fc&xptdk=37d93b5d-da2d-4938-98dc-81404d25e7fc
11,Multimedia Speaker Advance CLS-101 Super Bass 2.0 Channel speaker,1,"buruk, suara pelan hampir ga kedengeran",https://shopee.co.id/Multimedia-Speaker-Advance-CLS-101-Super-Bass-2.0-Channel-speaker-i.131417530.13438174918?sp_atk=37d93b5d-da2d-4938-98dc-81404d25e7fc&xptdk=37d93b5d-da2d-4938-98dc-81404d25e7fc
12,Multimedia Speaker Advance CLS-101 Super Bass 2.0 Channel speaker,1,Selama ini percaya klo produk advance bagus tapi ternyata kecewa deh,https://shopee.co.id/Multimedia-Speaker-Advance-CLS-101-Super-Bass-2.0-Channel-speaker-i.131417530.13438174918?sp_atk=37d93b5d-da2d-4938-98dc-81404d25e7fc&xptdk=37d93b5d-da2d-4938-98dc-81404d25e7fc
13,ACOME Super Bass Speaker Bluetooth A1 A5 A10 A15 A16 A17 A20 5.2 10W High Power 3 Playback Modes,1,"Brang bru 5 hri udah mti,,,bru kli ini blanja produk online cacat ,,,dah gtu respon penjual minus",https://shopee.co.id/ACOME-Super-Bass-Speaker-Bluetooth-A1-A5-A10-A15-A16-A17-A20-5.2-10W-High-Power-3-Playback-Modes-Garansi-Resmi-1-Tahun-i.161425378.5862399082?sp_atk=44c60474-18be-4fdc-b460-df022f0fd83c&xptdk=44c60474-18be-4fdc-b460-df022f0fd83c
14,ACOME Super Bass Speaker Bluetooth A1 A5 A10 A15 A16 A17 A20 5.2 10W High Power 3 Playback Modes,1,"Packing rapi aman bagus tidak ada kerusakan atau penyok bgitu dibuka entah knapa barangnya yang pesok? Anehhh kan,dan nyalahin kurirnya lagi... Kalo misal penyok karna kurir packing dan kardus harusnya penyok dong.. Respon chat juga lemot...",https://shopee.co.id/ACOME-Super-Bass-Speaker-Bluetooth-A1-A5-A10-A15-A16-A17-A20-5.2-10W-High-Power-3-Playback-Modes-Garansi-Resmi-1-Tahun-i.161425378.5862399082?sp_atk=44c60474-18be-4fdc-b460-df022f0fd83c&xptdk=44c60474-18be-4fdc-b460-df022f0fd83c
15,ACOME Super Bass Speaker Bluetooth A1 A5 A10 A15 A16 A17 A20 5.2 10W High Power 3 Playback Modes,1,Baterai tidak tahan lama. Tidak ada penggunaan aja bisa turun dari 100% ke 90%. Penyelesaian masalah tidak memuaskan.,https://shopee.co.id/ACOME-Super-Bass-Speaker-Bluetooth-A1-A5-A10-A15-A16-A17-A20-5.2-10W-High-Power-3-Playback-Modes-Garansi-Resmi-1-Tahun-i.161425378.5862399082?sp_atk=44c60474-18be-4fdc-b460-df022f0fd83c&xptdk=44c60474-18be-4fdc-b460-df022f0fd83c
16,Logitech Z121 2.0 Stereo Speaker USB Compact,2,"Ok terus.., packing barang bagus...,  harga mudah mudahan bisa turun lagi, dan bisa lebih murah",https://shopee.co.id/Logitech-Z121-2.0-Stereo-Speaker-USB-Compact-i.37146675.1258661141?sp_atk=f71f2217-a1ff-436f-828d-5201d10cdd6a&xptdk=f71f2217-a1ff-436f-828d-5201d10cdd6a
17,Logitech Z121 2.0 Stereo Speaker USB Compact,2,"Seller slow respond. Hampir tidak menanggapi chat. Pengiriman lama banget. Ga ada kwitansi dan kartu garansi, dus penyok tapi barang berfungsi dengan baik. Semoga awet. Tolong perbaiki respond dan kecepatan pengirimannya.",https://shopee.co.id/Logitech-Z121-2.0-Stereo-Speaker-USB-Compact-i.37146675.1258661141?sp_atk=f71f2217-a1ff-436f-828d-5201d10cdd6a&xptdk=f71f2217-a1ff-436f-828d-5201d10cdd6a
18,Logitech Z121 2.0 Stereo Speaker USB Compact,2,"Pesan hari sabtu, dikirim hari selasa, kelamaan. Produk original. Kualitas produk oke. Mohon ditingkatkan pelayanan",https://shopee.co.id/Logitech-Z121-2.0-Stereo-Speaker-USB-Compact-i.37146675.1258661141?sp_atk=f71f2217-a1ff-436f-828d-5201d10cdd6a&xptdk=f71f2217-a1ff-436f-828d-5201d10cdd6a
19,Logitech Z121 2.0 Stereo Speaker USB Compact,2,"Kualitas sudah baik, produk sudah baik, kecepatan pengiriman sangat tidak baik.",https://shopee.co.id/Logitech-Z121-2.0-Stereo-Speaker-USB-Compact-i.37146675.1258661141?sp_atk=f71f2217-a1ff-436f-828d-5201d10cdd6a&xptdk=f71f2217-a1ff-436f-828d-5201d10cdd6a
20,Logitech Z121 2.0 Stereo Speaker USB Compact,2,"Speaker kiri mati, segel sudah terbuka",https://shopee.co.id/Logitech-Z121-2.0-Stereo-Speaker-USB-Compact-i.37146675.1258661141?sp_atk=f71f2217-a1ff-436f-828d-5201d10cdd6a&xptdk=f71f2217-a1ff-436f-828d-5201d10cdd6a
21,Logitech Z121 2.0 Stereo Speaker USB Compact,2,"Sorry to say, Mendem pdhl udh di max jg tetep tak terasa malah lebih bagus suara dr laptopnya, kabel ribet musti ada ke usb. Direntang harga normal yg sama byk yg lbh oke.mgkn beda kalo diflash salein jd <50rb bs dpt 5 star.ga bs cancel tuk ganti rincian, pdhl blum dkemas.terlalu kaku sistemnya.",https://shopee.co.id/Logitech-Z121-2.0-Stereo-Speaker-USB-Compact-i.37146675.1258661141?sp_atk=f71f2217-a1ff-436f-828d-5201d10cdd6a&xptdk=f71f2217-a1ff-436f-828d-5201d10cdd6a
22,Logitech Z121 2.0 Stereo Speaker USB Compact,2,Secara bentukan bagus. Cantik warna putih. Tp trnyta setelah dicoba ga bagus. Volume uda maksimal tapi kurang keras. Selain itu hrus menancap kabel usb dan kabel speaker. Terlalu ribet menurut saya. Sayang sekali,https://shopee.co.id/Logitech-Z121-2.0-Stereo-Speaker-USB-Compact-i.37146675.1258661141?sp_atk=f71f2217-a1ff-436f-828d-5201d10cdd6a&xptdk=f71f2217-a1ff-436f-828d-5201d10cdd6a
23,Logitech Z121 2.0 Stereo Speaker USB Compact,2,suara nya agak beda kurang kenceng jadi sedikit ragu asli atau tidak dan segel kotak terbuka namun packingan barang sangat bagus,https://shopee.co.id/Logitech-Z121-2.0-Stereo-Speaker-USB-Compact-i.37146675.1258661141?sp_atk=f71f2217-a1ff-436f-828d-5201d10cdd6a&xptdk=f71f2217-a1ff-436f-828d-5201d10cdd6a
24,Logitech Z121 2.0 Stereo Speaker USB Compact,2,Kecepatan pengiriman kurang baik sama segel kardus sudah di buka,https://shopee.co.id/Logitech-Z121-2.0-Stereo-Speaker-USB-Compact-i.37146675.1258661141?sp_atk=f71f2217-a1ff-436f-828d-5201d10cdd6a&xptdk=f71f2217-a1ff-436f-828d-5201d10cdd6a
25,Thinkplus Lenovo K3 Portable Speaker Stereo Mini HiFi Wireless Speaker,2,BesokÂ² tlong di cek kembali yaa . Baru pemakaian 1 Minggu sudah rusak tibaÂ² cara pemakaian ikutin aturan nya di chas dahulu baru di pakai,https://shopee.co.id/Thinkplus-Lenovo-K3-Portable-Speaker-Stereo-Mini-HiFi-Wireless-Speaker-i.497337616.10270058665?sp_atk=7259cee7-1d51-476a-89b2-30846836c6e5&xptdk=7259cee7-1d51-476a-89b2-30846836c6e5
26,Thinkplus Lenovo K3 Portable Speaker Stereo Mini HiFi Wireless Speaker,2,"Parah banget dapet barang yang cacat suaranya putus-putus lg denger lagu dan nonton dilaptop, udh dicharge, udh ikutin petunjuk pemakaian awal. Kirim pengembalian barang, udh nyampe gudang dibalikin gak mau dibalikin uangnya! Padahal video2 yg saya kirim udh banyak yg buktiin barangnya rusak. Super kecewa",https://shopee.co.id/Thinkplus-Lenovo-K3-Portable-Speaker-Stereo-Mini-HiFi-Wireless-Speaker-i.497337616.10270058665?sp_atk=7259cee7-1d51-476a-89b2-30846836c6e5&xptdk=7259cee7-1d51-476a-89b2-30846836c6e5
27,Thinkplus Lenovo K3 Portable Speaker Stereo Mini HiFi Wireless Speaker,2,Produk tidak dapat digunakan atau rusak,https://shopee.co.id/Thinkplus-Lenovo-K3-Portable-Speaker-Stereo-Mini-HiFi-Wireless-Speaker-i.497337616.10270058665?sp_atk=7259cee7-1d51-476a-89b2-30846836c6e5&xptdk=7259cee7-1d51-476a-89b2-30846836c6e5
28,Thinkplus Lenovo K3 Portable Speaker Stereo Mini HiFi Wireless Speaker,2,"Packaging nya sangat tidak niat mulai dari kardus sampai dalam kardusnya. Tidak ada bubble wrap atau dilapisin lagi, seperti barang bekas. Kualitas speaker wajar dengan harganya. Dan tidak ada kartu garansi, padahal garansinya 1 tahun.",https://shopee.co.id/Thinkplus-Lenovo-K3-Portable-Speaker-Stereo-Mini-HiFi-Wireless-Speaker-i.497337616.10270058665?sp_atk=7259cee7-1d51-476a-89b2-30846836c6e5&xptdk=7259cee7-1d51-476a-89b2-30846836c6e5
29,Thinkplus Lenovo K3 Portable Speaker Stereo Mini HiFi Wireless Speaker,2,Beli dua barangnya cuma dikirim satu tapi begitulah untung responnya ada tapi itu juga agak slowrespon sih tapi ya udahlah nnti klau mmg barangnya dikirimin lagi artinya nnti aku ubah penilaiannya untuk sekarang bintang segini dlu tp kalu dk sesuai bintangnya mohon maaf pasti gak keubah,https://shopee.co.id/Thinkplus-Lenovo-K3-Portable-Speaker-Stereo-Mini-HiFi-Wireless-Speaker-i.497337616.10270058665?sp_atk=7259cee7-1d51-476a-89b2-30846836c6e5&xptdk=7259cee7-1d51-476a-89b2-30846836c6e5
30,Thinkplus Lenovo K3 Portable Speaker Stereo Mini HiFi Wireless Speaker,2,"pas nyampe penyok, mau nuker tapi males ribet. mudahan bisa di perbaiki dalam packing pengiriman",https://shopee.co.id/Thinkplus-Lenovo-K3-Portable-Speaker-Stereo-Mini-HiFi-Wireless-Speaker-i.497337616.10270058665?sp_atk=7259cee7-1d51-476a-89b2-30846836c6e5&xptdk=7259cee7-1d51-476a-89b2-30846836c6e5
31,Thinkplus Lenovo K3 Portable Speaker Stereo Mini HiFi Wireless Speaker,2,Sudah saya charger kurang lebih 1.5jam . Gamau nyala. Saya coba nyalain waktu di charger juga cuma beep aja. Gabisa repair..,https://shopee.co.id/Thinkplus-Lenovo-K3-Portable-Speaker-Stereo-Mini-HiFi-Wireless-Speaker-i.497337616.10270058665?sp_atk=7259cee7-1d51-476a-89b2-30846836c6e5&xptdk=7259cee7-1d51-476a-89b2-30846836c6e5
32,Thinkplus Lenovo K3 Portable Speaker Stereo Mini HiFi Wireless Speaker,2,"pas terima sudah pecah gini , huh",https://shopee.co.id/Thinkplus-Lenovo-K3-Portable-Speaker-Stereo-Mini-HiFi-Wireless-Speaker-i.497337616.10270058665?sp_atk=7259cee7-1d51-476a-89b2-30846836c6e5&xptdk=7259cee7-1d51-476a-89b2-30846836c6e5
33,Thinkplus Lenovo K3 Portable Speaker Stereo Mini HiFi Wireless Speaker,2,"Suaranya sember ,, dan tidak terdapat tombol volume di speaker , sangat aneh",https://shopee.co.id/Thinkplus-Lenovo-K3-Portable-Speaker-Stereo-Mini-HiFi-Wireless-Speaker-i.497337616.10270058665?sp_atk=7259cee7-1d51-476a-89b2-30846836c6e5&xptdk=7259cee7-1d51-476a-89b2-30846836c6e5
34,OLIKE SPEAKER BLUETOOTH WIRELESS PORTABLE LOW LATENCY OBS-110,2,"Low latency nyaaa parah, ada suara kresek"" nyaa wlopun dgn harga sgitu tp kalau speaker nya tdk jernih sama aja boong, tp untuk build quality bguss",https://shopee.co.id/OLIKE-SPEAKER-BLUETOOTH-WIRELESS-PORTABLE-LOW-LATENCY-OBS-110-i.59414059.12036133470?sp_atk=02637eb9-f7e3-465a-9e5e-de3ed015619c&xptdk=02637eb9-f7e3-465a-9e5e-de3ed015619c
35,OLIKE SPEAKER BLUETOOTH WIRELESS PORTABLE LOW LATENCY OBS-111,2,Lain kali di cek lagi barang yg mo dikirim nya... Jd pelanggan nya ga kecewa...,https://shopee.co.id/OLIKE-SPEAKER-BLUETOOTH-WIRELESS-PORTABLE-LOW-LATENCY-OBS-110-i.59414059.12036133470?sp_atk=02637eb9-f7e3-465a-9e5e-de3ed015619c&xptdk=02637eb9-f7e3-465a-9e5e-de3ed015619c
36,OLIKE SPEAKER BLUETOOTH WIRELESS PORTABLE LOW LATENCY OBS-112,2,"Kecewa sangat,sudah di chat tapi tetep yg dateng merek lain,kurang amanah",https://shopee.co.id/OLIKE-SPEAKER-BLUETOOTH-WIRELESS-PORTABLE-LOW-LATENCY-OBS-110-i.59414059.12036133470?sp_atk=02637eb9-f7e3-465a-9e5e-de3ed015619c&xptdk=02637eb9-f7e3-465a-9e5e-de3ed015619c
37,OLIKE SPEAKER BLUETOOTH WIRELESS PORTABLE LOW LATENCY OBS-113,2,"Diiklannya olike ..hebatnya trik penjual kemasan pertama beneran olike,tapi ternyata barang yg dikasih tipe oase,walau saya tahu itu rebranding dr olike,tapi jelas beda.kualitas barang jg biasa ajh,harga segitu emang ga bisa berharap banyak,jgn mimpi kl bakal terdengar bass yg mantap.",https://shopee.co.id/OLIKE-SPEAKER-BLUETOOTH-WIRELESS-PORTABLE-LOW-LATENCY-OBS-110-i.59414059.12036133470?sp_atk=02637eb9-f7e3-465a-9e5e-de3ed015619c&xptdk=02637eb9-f7e3-465a-9e5e-de3ed015619c
38,OLIKE SPEAKER BLUETOOTH WIRELESS PORTABLE LOW LATENCY OBS-114,2,Barang tak sesuai gambar ada tulisan Olike. Merk malah oase. Tp kalo suara ya harga promo 99rb ya sesuailah biasa aja.,https://shopee.co.id/OLIKE-SPEAKER-BLUETOOTH-WIRELESS-PORTABLE-LOW-LATENCY-OBS-110-i.59414059.12036133470?sp_atk=02637eb9-f7e3-465a-9e5e-de3ed015619c&xptdk=02637eb9-f7e3-465a-9e5e-de3ed015619c
39,OLIKE SPEAKER BLUETOOTH WIRELESS PORTABLE LOW LATENCY OBS-115,2,"Review pertama: Built qualitynya cukup baik, modelnya keren, warna bagus, suara oke2 aja utk harga semurah ini. Jgn dibandingin sm yg harganya jauh lbh mahal, jelas beda kelas. Setelah 1 jam pake: Mau di charge, tp dudukan chargenya malah mendem ke dalam dan akhirnya lepas. Maaf, not recommended",https://shopee.co.id/OLIKE-SPEAKER-BLUETOOTH-WIRELESS-PORTABLE-LOW-LATENCY-OBS-110-i.59414059.12036133470?sp_atk=02637eb9-f7e3-465a-9e5e-de3ed015619c&xptdk=02637eb9-f7e3-465a-9e5e-de3ed015619c
40,OLIKE SPEAKER BLUETOOTH WIRELESS PORTABLE LOW LATENCY OBS-116,2,"sangat tidak rekomed bgt,,, pesenya apa d kasihnya merek apa",https://shopee.co.id/OLIKE-SPEAKER-BLUETOOTH-WIRELESS-PORTABLE-LOW-LATENCY-OBS-110-i.59414059.12036133470?sp_atk=02637eb9-f7e3-465a-9e5e-de3ed015619c&xptdk=02637eb9-f7e3-465a-9e5e-de3ed015619c
41,OLIKE SPEAKER BLUETOOTH WIRELESS PORTABLE LOW LATENCY OBS-117,2,Ko barang yg di kirim ga sesuai yg di gambar ya..pesan OLIKE yg datang OASE ,https://shopee.co.id/OLIKE-SPEAKER-BLUETOOTH-WIRELESS-PORTABLE-LOW-LATENCY-OBS-110-i.59414059.12036133470?sp_atk=02637eb9-f7e3-465a-9e5e-de3ed015619c&xptdk=02637eb9-f7e3-465a-9e5e-de3ed015619c
42,OLIKE SPEAKER BLUETOOTH WIRELESS PORTABLE LOW LATENCY OBS-118,2,"packing barang terlalu lama dan tidak sesuai expectasi, suara mono & bassnya tidak terdengar",https://shopee.co.id/OLIKE-SPEAKER-BLUETOOTH-WIRELESS-PORTABLE-LOW-LATENCY-OBS-110-i.59414059.12036133470?sp_atk=02637eb9-f7e3-465a-9e5e-de3ed015619c&xptdk=02637eb9-f7e3-465a-9e5e-de3ed015619c
43,Multimedia Speaker Advance CLS-101 Super Bass 2.0 Channel speaker,2,"Hadeh dateng kaya gini, untung rusaknya dikit",https://shopee.co.id/Multimedia-Speaker-Advance-CLS-101-Super-Bass-2.0-Channel-speaker-i.131417530.13438174918?sp_atk=37d93b5d-da2d-4938-98dc-81404d25e7fc&xptdk=37d93b5d-da2d-4938-98dc-81404d25e7fc
44,Multimedia Speaker Advance CLS-101 Super Bass 2.0 Channel speaker,2,kecewa Aduh lampu Nya tuh,https://shopee.co.id/Multimedia-Speaker-Advance-CLS-101-Super-Bass-2.0-Channel-speaker-i.131417530.13438174918?sp_atk=37d93b5d-da2d-4938-98dc-81404d25e7fc&xptdk=37d93b5d-da2d-4938-98dc-81404d25e7fc
45,Multimedia Speaker Advance CLS-101 Super Bass 2.0 Channel speaker,2,Suara gass bocor jadi kurang enak didengar,https://shopee.co.id/Multimedia-Speaker-Advance-CLS-101-Super-Bass-2.0-Channel-speaker-i.131417530.13438174918?sp_atk=37d93b5d-da2d-4938-98dc-81404d25e7fc&xptdk=37d93b5d-da2d-4938-98dc-81404d25e7fc
46,Multimedia Speaker Advance CLS-101 Super Bass 2.0 Channel speaker,2,"suara cempreng, ya sesuai harga, berharap dari testimoni sebelumnya ada bassnya",https://shopee.co.id/Multimedia-Speaker-Advance-CLS-101-Super-Bass-2.0-Channel-speaker-i.131417530.13438174918?sp_atk=37d93b5d-da2d-4938-98dc-81404d25e7fc&xptdk=37d93b5d-da2d-4938-98dc-81404d25e7fc
47,Multimedia Speaker Advance CLS-101 Super Bass 2.0 Channel speaker,2,"Speakernya mendesis selalu, suaranya hampir kalah dengan desisan speaker.",https://shopee.co.id/Multimedia-Speaker-Advance-CLS-101-Super-Bass-2.0-Channel-speaker-i.131417530.13438174918?sp_atk=37d93b5d-da2d-4938-98dc-81404d25e7fc&xptdk=37d93b5d-da2d-4938-98dc-81404d25e7fc
48,Multimedia Speaker Advance CLS-101 Super Bass 2.0 Channel speaker,2,sebelah doang yg nyala sebelah nya kaga,https://shopee.co.id/Multimedia-Speaker-Advance-CLS-101-Super-Bass-2.0-Channel-speaker-i.131417530.13438174918?sp_atk=37d93b5d-da2d-4938-98dc-81404d25e7fc&xptdk=37d93b5d-da2d-4938-98dc-81404d25e7fc
49,Multimedia Speaker Advance CLS-101 Super Bass 2.0 Channel speaker,2,"Lumayan tapi gabisa ke laptop, dimasukin ga ada suaranya ga muncul muncul",https://shopee.co.id/Multimedia-Speaker-Advance-CLS-101-Super-Bass-2.0-Channel-speaker-i.131417530.13438174918?sp_atk=37d93b5d-da2d-4938-98dc-81404d25e7fc&xptdk=37d93b5d-da2d-4938-98dc-81404d25e7fc
50,Multimedia Speaker Advance CLS-101 Super Bass 2.0 Channel speaker,2,"Sementara tak kasih nilai bintang 2,,, soalnya pesen 2 dikirim 1,,,baru konfirmasi sama adminnya semoga diganti",https://shopee.co.id/Multimedia-Speaker-Advance-CLS-101-Super-Bass-2.0-Channel-speaker-i.131417530.13438174918?sp_atk=37d93b5d-da2d-4938-98dc-81404d25e7fc&xptdk=37d93b5d-da2d-4938-98dc-81404d25e7fc
51,Multimedia Speaker Advance CLS-101 Super Bass 2.0 Channel speaker,2,Tidak berfungsi,https://shopee.co.id/Multimedia-Speaker-Advance-CLS-101-Super-Bass-2.0-Channel-speaker-i.131417530.13438174918?sp_atk=37d93b5d-da2d-4938-98dc-81404d25e7fc&xptdk=37d93b5d-da2d-4938-98dc-81404d25e7fc
52,ACOME Super Bass Speaker Bluetooth A1 A5 A10 A15 A16 A17 A20 5.2 10W High Power 3 Playback Modes,2,Bagus banget suaranya kenceng top deh terbaik ini next beli yg lain lagi semoga awet,https://shopee.co.id/ACOME-Super-Bass-Speaker-Bluetooth-A1-A5-A10-A15-A16-A17-A20-5.2-10W-High-Power-3-Playback-Modes-Garansi-Resmi-1-Tahun-i.161425378.5862399082?sp_atk=44c60474-18be-4fdc-b460-df022f0fd83c&xptdk=44c60474-18be-4fdc-b460-df022f0fd83c
53,ACOME Super Bass Speaker Bluetooth A1 A5 A10 A15 A16 A17 A20 5.2 10W High Power 3 Playback Modes,2,"Cuma bisa bluetooth aja, fm radio ga fungsi, sdcard & usb jga ga fungsi ",https://shopee.co.id/ACOME-Super-Bass-Speaker-Bluetooth-A1-A5-A10-A15-A16-A17-A20-5.2-10W-High-Power-3-Playback-Modes-Garansi-Resmi-1-Tahun-i.161425378.5862399082?sp_atk=44c60474-18be-4fdc-b460-df022f0fd83c&xptdk=44c60474-18be-4fdc-b460-df022f0fd83c
54,ACOME Super Bass Speaker Bluetooth A1 A5 A10 A15 A16 A17 A20 5.2 10W High Power 3 Playback Modes,2,suara ok tpi pengiriman sma brang di cek dlu sbelum dkirim yg berpungsi blotot sma radio tpi radionya juga ga nyimpen sd card ga berpungsi itu aj sran dari saya,https://shopee.co.id/ACOME-Super-Bass-Speaker-Bluetooth-A1-A5-A10-A15-A16-A17-A20-5.2-10W-High-Power-3-Playback-Modes-Garansi-Resmi-1-Tahun-i.161425378.5862399082?sp_atk=44c60474-18be-4fdc-b460-df022f0fd83c&xptdk=44c60474-18be-4fdc-b460-df022f0fd83c
55,ACOME Super Bass Speaker Bluetooth A1 A5 A10 A15 A16 A17 A20 5.2 10W High Power 3 Playback Modes,2,"Maaf saya kasih bintang 2, karena barang sangat tidak recommended. Satu hari dipakai esoknya langsung tidak berfungsi. Saya sudah klik pesanan diterima karena saya pikir bagus tapi ternyata tidak. Kapok saya beli disini. Mau klaim garansi harus bayar ongkir sedangkan saya jauh, hampir separuh harga barang. Untuk pengiriman juga sangaaat lama jadi NO",https://shopee.co.id/ACOME-Super-Bass-Speaker-Bluetooth-A1-A5-A10-A15-A16-A17-A20-5.2-10W-High-Power-3-Playback-Modes-Garansi-Resmi-1-Tahun-i.161425378.5862399082?sp_atk=44c60474-18be-4fdc-b460-df022f0fd83c&xptdk=44c60474-18be-4fdc-b460-df022f0fd83c
56,ACOME Super Bass Speaker Bluetooth A1 A5 A10 A15 A16 A17 A20 5.2 10W High Power 3 Playback Modes,2,Kualitas bagus tapi pengiriman dari kurir Kurang memuaskan karna pengiriman lama banget sampe 1 miggu,https://shopee.co.id/ACOME-Super-Bass-Speaker-Bluetooth-A1-A5-A10-A15-A16-A17-A20-5.2-10W-High-Power-3-Playback-Modes-Garansi-Resmi-1-Tahun-i.161425378.5862399082?sp_atk=44c60474-18be-4fdc-b460-df022f0fd83c&xptdk=44c60474-18be-4fdc-b460-df022f0fd83c
57,ACOME Super Bass Speaker Bluetooth A1 A5 A10 A15 A16 A17 A20 5.2 10W High Power 3 Playback Modes,2,"Suara kecil, bahkan suara laptop yg saya gunakan lebih besar dari pada menggunakan speaker ini. Kecewa",https://shopee.co.id/ACOME-Super-Bass-Speaker-Bluetooth-A1-A5-A10-A15-A16-A17-A20-5.2-10W-High-Power-3-Playback-Modes-Garansi-Resmi-1-Tahun-i.161425378.5862399082?sp_atk=44c60474-18be-4fdc-b460-df022f0fd83c&xptdk=44c60474-18be-4fdc-b460-df022f0fd83c
58,ACOME Super Bass Speaker Bluetooth A1 A5 A10 A15 A16 A17 A20 5.2 10W High Power 3 Playback Modes,2,"Barang dtg, video unboxing cm sampe paket dibuka aja. Pas cek sound gak kevideo dan trnyata gak keluar suara. Suaranya putus2, kadang nyambung kadang enggak. Mbrebet juga.",https://shopee.co.id/ACOME-Super-Bass-Speaker-Bluetooth-A1-A5-A10-A15-A16-A17-A20-5.2-10W-High-Power-3-Playback-Modes-Garansi-Resmi-1-Tahun-i.161425378.5862399082?sp_atk=44c60474-18be-4fdc-b460-df022f0fd83c&xptdk=44c60474-18be-4fdc-b460-df022f0fd83c
59,ACOME Super Bass Speaker Bluetooth A1 A5 A10 A15 A16 A17 A20 5.2 10W High Power 3 Playback Modes,2,Sama sama Jakarta Utara tp sampai 6 hari baru sampai .keburu balik kampung .nggak tau kwalitasnya .,https://shopee.co.id/ACOME-Super-Bass-Speaker-Bluetooth-A1-A5-A10-A15-A16-A17-A20-5.2-10W-High-Power-3-Playback-Modes-Garansi-Resmi-1-Tahun-i.161425378.5862399082?sp_atk=44c60474-18be-4fdc-b460-df022f0fd83c&xptdk=44c60474-18be-4fdc-b460-df022f0fd83c
60,ACOME Super Bass Speaker Bluetooth A1 A5 A10 A15 A16 A17 A20 5.2 10W High Power 3 Playback Modes,2,Kualitas speaker bgus hnya saja pngiriman sangat lama,https://shopee.co.id/ACOME-Super-Bass-Speaker-Bluetooth-A1-A5-A10-A15-A16-A17-A20-5.2-10W-High-Power-3-Playback-Modes-Garansi-Resmi-1-Tahun-i.161425378.5862399082?sp_atk=44c60474-18be-4fdc-b460-df022f0fd83c&xptdk=44c60474-18be-4fdc-b460-df022f0fd83c
61,Logitech Z121 2.0 Stereo Speaker USB Compact,3,Bass nya kurang nendang di range harga 185k. Sedikit worth it karna suara nya jernih tidak pecah.,https://shopee.co.id/Logitech-Z121-2.0-Stereo-Speaker-USB-Compact-i.37146675.1258661141?sp_atk=f71f2217-a1ff-436f-828d-5201d10cdd6a&xptdk=f71f2217-a1ff-436f-828d-5201d10cdd6a
62,Logitech Z121 2.0 Stereo Speaker USB Compact,3,"Pengemasannya kelamaan sampe 2 hari jadi pengirimannya tambah lama, semoga ditingkatkan lagi kerjanya biar lebih gesit ðŸ™",https://shopee.co.id/Logitech-Z121-2.0-Stereo-Speaker-USB-Compact-i.37146675.1258661141?sp_atk=f71f2217-a1ff-436f-828d-5201d10cdd6a&xptdk=f71f2217-a1ff-436f-828d-5201d10cdd6a
63,Logitech Z121 2.0 Stereo Speaker USB Compact,3,"Udh nyampe, penanganan 15k tapi pekingnya G sesuai. But makasi yaaa",https://shopee.co.id/Logitech-Z121-2.0-Stereo-Speaker-USB-Compact-i.37146675.1258661141?sp_atk=f71f2217-a1ff-436f-828d-5201d10cdd6a&xptdk=f71f2217-a1ff-436f-828d-5201d10cdd6a
64,Logitech Z121 2.0 Stereo Speaker USB Compact,3,Tampilannya oke...Tapi Suaranya biasa aja sihh...Ga terlalu nyaring dipake saat di kelas...,https://shopee.co.id/Logitech-Z121-2.0-Stereo-Speaker-USB-Compact-i.37146675.1258661141?sp_atk=f71f2217-a1ff-436f-828d-5201d10cdd6a&xptdk=f71f2217-a1ff-436f-828d-5201d10cdd6a
65,Logitech Z121 2.0 Stereo Speaker USB Compact,3,Barangnya original sayangnya kardus penyok dan speaker kurang keras,https://shopee.co.id/Logitech-Z121-2.0-Stereo-Speaker-USB-Compact-i.37146675.1258661141?sp_atk=f71f2217-a1ff-436f-828d-5201d10cdd6a&xptdk=f71f2217-a1ff-436f-828d-5201d10cdd6a
66,Logitech Z121 2.0 Stereo Speaker USB Compact,3,"Paket nya udah sampe rumah dengan selamat, suara nya bagus, pengiriman cepat kurang nya bos nya penyok mungkin karena pengiriman sama solatip box udah terbuka gak dalam kondisi segel lagi. Udah itu aja sorry kalo bintang 3 soalnya menurut saya segel box penting.",https://shopee.co.id/Logitech-Z121-2.0-Stereo-Speaker-USB-Compact-i.37146675.1258661141?sp_atk=f71f2217-a1ff-436f-828d-5201d10cdd6a&xptdk=f71f2217-a1ff-436f-828d-5201d10cdd6a
67,Logitech Z121 2.0 Stereo Speaker USB Compact,3,"Mayan lah barang nya, semoga awett",https://shopee.co.id/Logitech-Z121-2.0-Stereo-Speaker-USB-Compact-i.37146675.1258661141?sp_atk=f71f2217-a1ff-436f-828d-5201d10cdd6a&xptdk=f71f2217-a1ff-436f-828d-5201d10cdd6a
68,Logitech Z121 2.0 Stereo Speaker USB Compact,3,"Product seems ok but is Not original Logitech, disappointing. Packaging was good, havenâ€™t tried yet",https://shopee.co.id/Logitech-Z121-2.0-Stereo-Speaker-USB-Compact-i.37146675.1258661141?sp_atk=f71f2217-a1ff-436f-828d-5201d10cdd6a&xptdk=f71f2217-a1ff-436f-828d-5201d10cdd6a
69,Logitech Z121 2.0 Stereo Speaker USB Compact,3,"minta pakai dus untuk packing, padahal udh di chat dan udh tulis di notes, masih aja ga dibungkus dus, akhirnya bonyok deh tuh dus bawaan, padahal buat jual lagi....",https://shopee.co.id/Logitech-Z121-2.0-Stereo-Speaker-USB-Compact-i.37146675.1258661141?sp_atk=f71f2217-a1ff-436f-828d-5201d10cdd6a&xptdk=f71f2217-a1ff-436f-828d-5201d10cdd6a
70,Logitech Z121 2.0 Stereo Speaker USB Compact,3,"Beli yg agak mahal drpd merk sebelah eh malah trnyata sama aja sih, suaranya lumayn bagus ga pecah. Tapi tampilannya masa kuning dong kabelnya dan buat urus returannya dipersulit. Makasih bgt :)",https://shopee.co.id/Logitech-Z121-2.0-Stereo-Speaker-USB-Compact-i.37146675.1258661141?sp_atk=f71f2217-a1ff-436f-828d-5201d10cdd6a&xptdk=f71f2217-a1ff-436f-828d-5201d10cdd6a
71,Logitech Z121 2.0 Stereo Speaker USB Compact,3,"Maaf ya kak, bukan maksudku jatuhin. Tapi packingnya jelek banget sumpah. Cuma buble wrap + plastik gak dikardusin kayak official store lainnya. Dan segel di dusnya udah bukaan. Aku bahkan gak yakin ini baru apa gak, tolong kalo emang mau dimurahin barangnya tetep berkualitas ðŸ˜‘ makasih",https://shopee.co.id/Logitech-Z121-2.0-Stereo-Speaker-USB-Compact-i.37146675.1258661141?sp_atk=f71f2217-a1ff-436f-828d-5201d10cdd6a&xptdk=f71f2217-a1ff-436f-828d-5201d10cdd6a
72,Logitech Z121 2.0 Stereo Speaker USB Compact,3,"Packagingnya oke sayangnya salah satu speaker suaranya kecil BANGET, yg 1 lagi bisa berfungsi dgn baik. Semoga lain kali di cek volumenya sebelum dikirim ke pembeli.",https://shopee.co.id/Logitech-Z121-2.0-Stereo-Speaker-USB-Compact-i.37146675.1258661141?sp_atk=f71f2217-a1ff-436f-828d-5201d10cdd6a&xptdk=f71f2217-a1ff-436f-828d-5201d10cdd6a
73,Logitech Z121 2.0 Stereo Speaker USB Compact,3,Datangnya lama nunggu sampai 5 hari. Pdahal pesennya hari minggu barang baru dikirim selasa. Itu pun stelah saya chat lngsung esoknya baru dkirim dgn alasan tmpat pngiriman mngalami kendala. Hati2 ya yg mw beli.,https://shopee.co.id/Logitech-Z121-2.0-Stereo-Speaker-USB-Compact-i.37146675.1258661141?sp_atk=f71f2217-a1ff-436f-828d-5201d10cdd6a&xptdk=f71f2217-a1ff-436f-828d-5201d10cdd6a
74,Logitech Z121 2.0 Stereo Speaker USB Compact,3,"Kualitas bagus berfungsi dengan baik, harga standard, hanya saja pengiriman sangat lama dan pengemasan kurang. Tidak dilapisi buble wrape. ",https://shopee.co.id/Logitech-Z121-2.0-Stereo-Speaker-USB-Compact-i.37146675.1258661141?sp_atk=f71f2217-a1ff-436f-828d-5201d10cdd6a&xptdk=f71f2217-a1ff-436f-828d-5201d10cdd6a
75,Logitech Z121 2.0 Stereo Speaker USB Compact,3,"kapok belanja disini. ini toko Mall Shopee terburuk yg pernah sy beli. barang dikirim di hari terakhir tenggat waktu shopee. butuh 3 hari kerja untuk kirim barang. buat kalian yg baca review ini, cari toko lain aja.",https://shopee.co.id/Logitech-Z121-2.0-Stereo-Speaker-USB-Compact-i.37146675.1258661141?sp_atk=f71f2217-a1ff-436f-828d-5201d10cdd6a&xptdk=f71f2217-a1ff-436f-828d-5201d10cdd6a
76,Thinkplus Lenovo K3 Portable Speaker Stereo Mini HiFi Wireless Speaker,3,"Barang sdh di Terima, thank seller dan Shopee. Blm di coba semoga mantul suara yaaaa dan awet jga aamiin.",https://shopee.co.id/Thinkplus-Lenovo-K3-Portable-Speaker-Stereo-Mini-HiFi-Wireless-Speaker-i.497337616.10270058665?sp_atk=7259cee7-1d51-476a-89b2-30846836c6e5&xptdk=7259cee7-1d51-476a-89b2-30846836c6e5
77,Thinkplus Lenovo K3 Portable Speaker Stereo Mini HiFi Wireless Speaker,3,"Produknya beda terutam pada gambar logonya, entah ini asli apa ga? Di foto produk lenovonya vertikal, ini yg dikirim logonya horizontal",https://shopee.co.id/Thinkplus-Lenovo-K3-Portable-Speaker-Stereo-Mini-HiFi-Wireless-Speaker-i.497337616.10270058665?sp_atk=7259cee7-1d51-476a-89b2-30846836c6e5&xptdk=7259cee7-1d51-476a-89b2-30846836c6e6
78,Thinkplus Lenovo K3 Portable Speaker Stereo Mini HiFi Wireless Speaker,3,"Barang sampai lumayan cepet, harga worth it to buy, tp sayang bgt buat bass nya kurang dapet, bukan sesuai ekpektasi ku bgt Aku kasih bintang 3 krn itu sihh",https://shopee.co.id/Thinkplus-Lenovo-K3-Portable-Speaker-Stereo-Mini-HiFi-Wireless-Speaker-i.497337616.10270058665?sp_atk=7259cee7-1d51-476a-89b2-30846836c6e5&xptdk=7259cee7-1d51-476a-89b2-30846836c6e7
79,Thinkplus Lenovo K3 Portable Speaker Stereo Mini HiFi Wireless Speaker,3,"Untuk service toko ok cepat yah, cuma untuk speaker suaranya kecil, hampir sama ky suara speaker handphone. Dan ga ada tombol volume nya. Jd cm bisa di atur dr handphone ya.",https://shopee.co.id/Thinkplus-Lenovo-K3-Portable-Speaker-Stereo-Mini-HiFi-Wireless-Speaker-i.497337616.10270058665?sp_atk=7259cee7-1d51-476a-89b2-30846836c6e5&xptdk=7259cee7-1d51-476a-89b2-30846836c6e8
80,Thinkplus Lenovo K3 Portable Speaker Stereo Mini HiFi Wireless Speaker,3,Suaranya sih bagus cuma kurang nya kurang besar volumenya padahal udh mentok. Cuma bagusnya adalah pengiriman nya cepet bgt cuma sehari,https://shopee.co.id/Thinkplus-Lenovo-K3-Portable-Speaker-Stereo-Mini-HiFi-Wireless-Speaker-i.497337616.10270058665?sp_atk=7259cee7-1d51-476a-89b2-30846836c6e5&xptdk=7259cee7-1d51-476a-89b2-30846836c6e9
81,Thinkplus Lenovo K3 Portable Speaker Stereo Mini HiFi Wireless Speaker,3,"Dapat yg beginian, aduuuh. Jadi gak estetik di pajang di meja. Padahal saya pakai laptop lenovo juga, biar ada logo nya juga gitu. Untuk kualitas suara cukup untuk sekelas harganya.",https://shopee.co.id/Thinkplus-Lenovo-K3-Portable-Speaker-Stereo-Mini-HiFi-Wireless-Speaker-i.497337616.10270058665?sp_atk=7259cee7-1d51-476a-89b2-30846836c6e5&xptdk=7259cee7-1d51-476a-89b2-30846836c6e10
82,Thinkplus Lenovo K3 Portable Speaker Stereo Mini HiFi Wireless Speaker,3,"baru unboxing, bagian bawah retak padahal box masih segelan. gatau kenapa. mungkin pas lagi ga hoki aja. bubble wrap juga tipis bgt bungkus biasa. mungkin seharusnya kalo barang elektronik bubble wrap bisa dilapis lebih banyak. yah untungnya dapet harga flash sale. jadi yaudah lah. suara sih oke, udah dicoba dicas juga bisa. bass agak kurang tapi okelah.",https://shopee.co.id/Thinkplus-Lenovo-K3-Portable-Speaker-Stereo-Mini-HiFi-Wireless-Speaker-i.497337616.10270058665?sp_atk=7259cee7-1d51-476a-89b2-30846836c6e5&xptdk=7259cee7-1d51-476a-89b2-30846836c6e11
83,Thinkplus Lenovo K3 Portable Speaker Stereo Mini HiFi Wireless Speaker,3,"Sesuai dengan harga, made in China. bisa dinilai sendiri kualitasnya",https://shopee.co.id/Thinkplus-Lenovo-K3-Portable-Speaker-Stereo-Mini-HiFi-Wireless-Speaker-i.497337616.10270058665?sp_atk=7259cee7-1d51-476a-89b2-30846836c6e5&xptdk=7259cee7-1d51-476a-89b2-30846836c6e12
84,Thinkplus Lenovo K3 Portable Speaker Stereo Mini HiFi Wireless Speaker,3,Pengiriman Telat 1 hari dari estimasinya. Tidak ada proteksi sama sekali. Cuma bungkus plastik saja. Hasilnya kotak kemasan penyok semua. Padahal ini barang elektronik. Syukur dalamnya tidak ada yang cacat. Dan sudah di test. Sementara masih berfungsi sebagaimana mestinya.,https://shopee.co.id/Thinkplus-Lenovo-K3-Portable-Speaker-Stereo-Mini-HiFi-Wireless-Speaker-i.497337616.10270058665?sp_atk=7259cee7-1d51-476a-89b2-30846836c6e5&xptdk=7259cee7-1d51-476a-89b2-30846836c6e13
85,Thinkplus Lenovo K3 Portable Speaker Stereo Mini HiFi Wireless Speaker,3,Suaranya kecil.,https://shopee.co.id/Thinkplus-Lenovo-K3-Portable-Speaker-Stereo-Mini-HiFi-Wireless-Speaker-i.497337616.10270058665?sp_atk=7259cee7-1d51-476a-89b2-30846836c6e5&xptdk=7259cee7-1d51-476a-89b2-30846836c6e14
86,Thinkplus Lenovo K3 Portable Speaker Stereo Mini HiFi Wireless Speaker,3,ada pecah di salah satu bagian. lain kali hati2,https://shopee.co.id/Thinkplus-Lenovo-K3-Portable-Speaker-Stereo-Mini-HiFi-Wireless-Speaker-i.497337616.10270058665?sp_atk=7259cee7-1d51-476a-89b2-30846836c6e5&xptdk=7259cee7-1d51-476a-89b2-30846836c6e15
87,Thinkplus Lenovo K3 Portable Speaker Stereo Mini HiFi Wireless Speaker,3,"Kapasitas daya tidak tahan lama, hanya berlangsung 30 menit, jarak bluetooth hanya sekitar 5 m. Pair agak lama.",https://shopee.co.id/Thinkplus-Lenovo-K3-Portable-Speaker-Stereo-Mini-HiFi-Wireless-Speaker-i.497337616.10270058665?sp_atk=7259cee7-1d51-476a-89b2-30846836c6e5&xptdk=7259cee7-1d51-476a-89b2-30846836c6e16
88,Thinkplus Lenovo K3 Portable Speaker Stereo Mini HiFi Wireless Speaker,3,"Saya kira produknya wow, eh ternyata biasa aja ya, bass nya ngak dapat, traubel nya lebih kencang. Makasih lah.",https://shopee.co.id/Thinkplus-Lenovo-K3-Portable-Speaker-Stereo-Mini-HiFi-Wireless-Speaker-i.497337616.10270058665?sp_atk=7259cee7-1d51-476a-89b2-30846836c6e5&xptdk=7259cee7-1d51-476a-89b2-30846836c6e17
89,Thinkplus Lenovo K3 Portable Speaker Stereo Mini HiFi Wireless Speaker,3,"Suara nya bagus, tapi plis lah udah 2022 buat charger nya kok masih 500mA itu charger jaman kapan? Jaman nokia digdaya? Susah banget nyari nya astaga, yang realistis dong",https://shopee.co.id/Thinkplus-Lenovo-K3-Portable-Speaker-Stereo-Mini-HiFi-Wireless-Speaker-i.497337616.10270058665?sp_atk=7259cee7-1d51-476a-89b2-30846836c6e5&xptdk=7259cee7-1d51-476a-89b2-30846836c6e18
90,Thinkplus Lenovo K3 Portable Speaker Stereo Mini HiFi Wireless Speaker,3,Baik banget euyy keren ahhh Barangnya lumayan bagus sih barangnya mantap semoga aja pengirimannya lancar tapi termasuk pengiriman juga lumayan cepat sih itu baik banget semoga aja lancar jaya yah,https://shopee.co.id/Thinkplus-Lenovo-K3-Portable-Speaker-Stereo-Mini-HiFi-Wireless-Speaker-i.497337616.10270058665?sp_atk=7259cee7-1d51-476a-89b2-30846836c6e5&xptdk=7259cee7-1d51-476a-89b2-30846836c6e19
91,OLIKE SPEAKER BLUETOOTH WIRELESS PORTABLE LOW LATENCY OBS-110,3,"Agak kecewa sih, tidak sesuai expetasi order nya yang olike obs 110 yg datang oase obs 100 Padahal sudah saya tulis di catatan atau pun chat Volume full spiker cempreng alias gember",https://shopee.co.id/OLIKE-SPEAKER-BLUETOOTH-WIRELESS-PORTABLE-LOW-LATENCY-OBS-110-i.59414059.12036133470?sp_atk=02637eb9-f7e3-465a-9e5e-de3ed015619c&xptdk=02637eb9-f7e3-465a-9e5e-de3ed015619c
92,OLIKE SPEAKER BLUETOOTH WIRELESS PORTABLE LOW LATENCY OBS-111,3,Beli pas 9.9 kardus luarnya Olike tapi pas dibuka kardus dalem sama isinya merk nya OARSE.. gimana sih ini. Ga sesuai gini,https://shopee.co.id/OLIKE-SPEAKER-BLUETOOTH-WIRELESS-PORTABLE-LOW-LATENCY-OBS-110-i.59414059.12036133470?sp_atk=02637eb9-f7e3-465a-9e5e-de3ed015619c&xptdk=02637eb9-f7e3-465a-9e5e-de3ed015619c
93,OLIKE SPEAKER BLUETOOTH WIRELESS PORTABLE LOW LATENCY OBS-112,3,Foto postingan nya dengan yg aslinya berbeda ah sueeeeee suaranya kyk speaker hp â˜¹ï¸,https://shopee.co.id/OLIKE-SPEAKER-BLUETOOTH-WIRELESS-PORTABLE-LOW-LATENCY-OBS-110-i.59414059.12036133470?sp_atk=02637eb9-f7e3-465a-9e5e-de3ed015619c&xptdk=02637eb9-f7e3-465a-9e5e-de3ed015619c
94,OLIKE SPEAKER BLUETOOTH WIRELESS PORTABLE LOW LATENCY OBS-113,3,"Bass ny tidak kuar sama sekali jd pengiklanan yg tertulis Ultra Bass termasuk pembohongan publik. Utk yg bli flash aale jgn tergiur dg harga 400k skian yg di coret jd 100k. Scara kualitas build n suara memang sepadan dg speaker2 kls 100k kbawah. Pengiriman sgt cepat, packing rapih.",https://shopee.co.id/OLIKE-SPEAKER-BLUETOOTH-WIRELESS-PORTABLE-LOW-LATENCY-OBS-110-i.59414059.12036133470?sp_atk=02637eb9-f7e3-465a-9e5e-de3ed015619c&xptdk=02637eb9-f7e3-465a-9e5e-de3ed015619c
95,OLIKE SPEAKER BLUETOOTH WIRELESS PORTABLE LOW LATENCY OBS-114,3,Pesanan spiker Olike yang dikirim Oase,https://shopee.co.id/OLIKE-SPEAKER-BLUETOOTH-WIRELESS-PORTABLE-LOW-LATENCY-OBS-110-i.59414059.12036133470?sp_atk=02637eb9-f7e3-465a-9e5e-de3ed015619c&xptdk=02637eb9-f7e3-465a-9e5e-de3ed015619c
96,OLIKE SPEAKER BLUETOOTH WIRELESS PORTABLE LOW LATENCY OBS-115,3,"Kemasan Rapih, aman, Barang mulus, ori....Hanya sedikit kecewa, harusnya model : OBS.110 kenapa yang datang model : OBS 100",https://shopee.co.id/OLIKE-SPEAKER-BLUETOOTH-WIRELESS-PORTABLE-LOW-LATENCY-OBS-110-i.59414059.12036133470?sp_atk=02637eb9-f7e3-465a-9e5e-de3ed015619c&xptdk=02637eb9-f7e3-465a-9e5e-de3ed015619c
97,OLIKE SPEAKER BLUETOOTH WIRELESS PORTABLE LOW LATENCY OBS-116,3,Pesan O LIKE datang ORSE. Mungkin karna promo jadi 100rb kurang,https://shopee.co.id/OLIKE-SPEAKER-BLUETOOTH-WIRELESS-PORTABLE-LOW-LATENCY-OBS-110-i.59414059.12036133470?sp_atk=02637eb9-f7e3-465a-9e5e-de3ed015619c&xptdk=02637eb9-f7e3-465a-9e5e-de3ed015619c
98,OLIKE SPEAKER BLUETOOTH WIRELESS PORTABLE LOW LATENCY OBS-117,3,"sayang bassnya gak nendang, condong cempreng",https://shopee.co.id/OLIKE-SPEAKER-BLUETOOTH-WIRELESS-PORTABLE-LOW-LATENCY-OBS-110-i.59414059.12036133470?sp_atk=02637eb9-f7e3-465a-9e5e-de3ed015619c&xptdk=02637eb9-f7e3-465a-9e5e-de3ed015619c
99,OLIKE SPEAKER BLUETOOTH WIRELESS PORTABLE LOW LATENCY OBS-118,3,Ku kira o like speaker.. yg dateng malah oase.. beda banget.. tp yaudah lah,https://shopee.co.id/OLIKE-SPEAKER-BLUETOOTH-WIRELESS-PORTABLE-LOW-LATENCY-OBS-110-i.59414059.12036133470?sp_atk=02637eb9-f7e3-465a-9e5e-de3ed015619c&xptdk=02637eb9-f7e3-465a-9e5e-de3ed015619c
100,OLIKE SPEAKER BLUETOOTH WIRELESS PORTABLE LOW LATENCY OBS-119,3,gambarnya kebalik...ga sama seperti yang di ilustrasi untuk suara lumayanlah,https://shopee.co.id/OLIKE-SPEAKER-BLUETOOTH-WIRELESS-PORTABLE-LOW-LATENCY-OBS-110-i.59414059.12036133470?sp_atk=02637eb9-f7e3-465a-9e5e-de3ed015619c&xptdk=02637eb9-f7e3-465a-9e5e-de3ed015619c
101,OLIKE SPEAKER BLUETOOTH WIRELESS PORTABLE LOW LATENCY OBS-120,3,Suaranya kurang memuaskan tidak sesuai dengan deskripsi yang menyebutkan suara HD,https://shopee.co.id/OLIKE-SPEAKER-BLUETOOTH-WIRELESS-PORTABLE-LOW-LATENCY-OBS-110-i.59414059.12036133470?sp_atk=02637eb9-f7e3-465a-9e5e-de3ed015619c&xptdk=02637eb9-f7e3-465a-9e5e-de3ed015619c
102,OLIKE SPEAKER BLUETOOTH WIRELESS PORTABLE LOW LATENCY OBS-121,3,katanya olike low latency play time 8jam taunya yang dateng daze playtime 5jam ga ssma yang dideskripsi sama gambarnya ga sama bukan olike,https://shopee.co.id/OLIKE-SPEAKER-BLUETOOTH-WIRELESS-PORTABLE-LOW-LATENCY-OBS-110-i.59414059.12036133470?sp_atk=02637eb9-f7e3-465a-9e5e-de3ed015619c&xptdk=02637eb9-f7e3-465a-9e5e-de3ed015619c
103,OLIKE SPEAKER BLUETOOTH WIRELESS PORTABLE LOW LATENCY OBS-122,3,Suranya ngambang antara bass dan trebell.tidak bulat..,https://shopee.co.id/OLIKE-SPEAKER-BLUETOOTH-WIRELESS-PORTABLE-LOW-LATENCY-OBS-110-i.59414059.12036133470?sp_atk=02637eb9-f7e3-465a-9e5e-de3ed015619c&xptdk=02637eb9-f7e3-465a-9e5e-de3ed015619c
104,OLIKE SPEAKER BLUETOOTH WIRELESS PORTABLE LOW LATENCY OBS-123,3,Aga aneh sih gua pesen merk olike yg dateng oase . Gatau 2 merk itu sepabrik apa gimana. Tp karna hasilnya suaranya basic dan sama aja jadi yaudahlah terima aja .,https://shopee.co.id/OLIKE-SPEAKER-BLUETOOTH-WIRELESS-PORTABLE-LOW-LATENCY-OBS-110-i.59414059.12036133470?sp_atk=02637eb9-f7e3-465a-9e5e-de3ed015619c&xptdk=02637eb9-f7e3-465a-9e5e-de3ed015619c
105,OLIKE SPEAKER BLUETOOTH WIRELESS PORTABLE LOW LATENCY OBS-124,3,"Lumayanlah, sesuai harga... Suara dan Basnya Standart aja... cuma merek speakernya beda yaaa, yg saya trima Oase, tp yg di Toko mereknya Olike...",https://shopee.co.id/OLIKE-SPEAKER-BLUETOOTH-WIRELESS-PORTABLE-LOW-LATENCY-OBS-110-i.59414059.12036133470?sp_atk=02637eb9-f7e3-465a-9e5e-de3ed015619c&xptdk=02637eb9-f7e3-465a-9e5e-de3ed015619c
106,Multimedia Speaker Advance CLS-101 Super Bass 2.0 Channel speaker,3,Harga sesua kualitas ,https://shopee.co.id/Multimedia-Speaker-Advance-CLS-101-Super-Bass-2.0-Channel-speaker-i.131417530.13438174918?sp_atk=37d93b5d-da2d-4938-98dc-81404d25e7fc&xptdk=37d93b5d-da2d-4938-98dc-81404d25e7fc
107,Multimedia Speaker Advance CLS-101 Super Bass 2.0 Channel speaker,3,"Ini kenapa klo full suara nya ilang seperti itu, mohon di balas dengan cepat ya kak.. ini baru sampai langsung saya coba, hasil nya ga memuaskan seperti di video",https://shopee.co.id/Multimedia-Speaker-Advance-CLS-101-Super-Bass-2.0-Channel-speaker-i.131417530.13438174918?sp_atk=37d93b5d-da2d-4938-98dc-81404d25e7fc&xptdk=37d93b5d-da2d-4938-98dc-81404d25e7fc
108,Multimedia Speaker Advance CLS-101 Super Bass 2.0 Channel speaker,3,Suaranya pecah tapi oke lah ga ppa,https://shopee.co.id/Multimedia-Speaker-Advance-CLS-101-Super-Bass-2.0-Channel-speaker-i.131417530.13438174918?sp_atk=37d93b5d-da2d-4938-98dc-81404d25e7fc&xptdk=37d93b5d-da2d-4938-98dc-81404d25e7fc
109,Multimedia Speaker Advance CLS-101 Super Bass 2.0 Channel speaker,3,"Suaranya kurang,terkenal di nama aja",https://shopee.co.id/Multimedia-Speaker-Advance-CLS-101-Super-Bass-2.0-Channel-speaker-i.131417530.13438174918?sp_atk=37d93b5d-da2d-4938-98dc-81404d25e7fc&xptdk=37d93b5d-da2d-4938-98dc-81404d25e7fc
110,Multimedia Speaker Advance CLS-101 Super Bass 2.0 Channel speaker,3,Belum d coba masih Bru buka tapi kecil sekali musiknya .tapi nanti kita coba dulu lah biar tau iy iy iy iya,https://shopee.co.id/Multimedia-Speaker-Advance-CLS-101-Super-Bass-2.0-Channel-speaker-i.131417530.13438174918?sp_atk=37d93b5d-da2d-4938-98dc-81404d25e7fc&xptdk=37d93b5d-da2d-4938-98dc-81404d25e7fc
111,Multimedia Speaker Advance CLS-101 Super Bass 2.0 Channel speaker,3,harga sesua barang,https://shopee.co.id/Multimedia-Speaker-Advance-CLS-101-Super-Bass-2.0-Channel-speaker-i.131417530.13438174918?sp_atk=37d93b5d-da2d-4938-98dc-81404d25e7fc&xptdk=37d93b5d-da2d-4938-98dc-81404d25e7fc
112,Multimedia Speaker Advance CLS-101 Super Bass 2.0 Channel speaker,3,barang bagus sesuai dengan harga,https://shopee.co.id/Multimedia-Speaker-Advance-CLS-101-Super-Bass-2.0-Channel-speaker-i.131417530.13438174918?sp_atk=37d93b5d-da2d-4938-98dc-81404d25e7fc&xptdk=37d93b5d-da2d-4938-98dc-81404d25e7fc
113,Multimedia Speaker Advance CLS-101 Super Bass 2.0 Channel speaker,3,Maaf saya kasih bintang 3 krna speaker yg satunya tidak berfungsi tolong dipriksa kmbali ktika mengemas barang trimakasih ðŸ™ðŸ™,https://shopee.co.id/Multimedia-Speaker-Advance-CLS-101-Super-Bass-2.0-Channel-speaker-i.131417530.13438174918?sp_atk=37d93b5d-da2d-4938-98dc-81404d25e7fc&xptdk=37d93b5d-da2d-4938-98dc-81404d25e7fc
114,Multimedia Speaker Advance CLS-101 Super Bass 2.0 Channel speaker,3,"Speakernya kecil banget, mungkin salah saya sih gk ngukur dlu makai penggaris setelah baca keterangan.. tp ini diluar ekspektasi saya, ukurannya kecil sekali tidak bisa optimal jika saya pakai untuk mengajar di kelas. Selain itu tidak dilengkapi juga dengan colokan ke stopkontak",https://shopee.co.id/Multimedia-Speaker-Advance-CLS-101-Super-Bass-2.0-Channel-speaker-i.131417530.13438174918?sp_atk=37d93b5d-da2d-4938-98dc-81404d25e7fc&xptdk=37d93b5d-da2d-4938-98dc-81404d25e7fc
115,Multimedia Speaker Advance CLS-101 Super Bass 2.0 Channel speaker,3,Lumayan baguslah dengan harga sgtu,https://shopee.co.id/Multimedia-Speaker-Advance-CLS-101-Super-Bass-2.0-Channel-speaker-i.131417530.13438174918?sp_atk=37d93b5d-da2d-4938-98dc-81404d25e7fc&xptdk=37d93b5d-da2d-4938-98dc-81404d25e7fc
116,Multimedia Speaker Advance CLS-101 Super Bass 2.0 Channel speaker,3,Kurang besar suarany,https://shopee.co.id/Multimedia-Speaker-Advance-CLS-101-Super-Bass-2.0-Channel-speaker-i.131417530.13438174918?sp_atk=37d93b5d-da2d-4938-98dc-81404d25e7fc&xptdk=37d93b5d-da2d-4938-98dc-81404d25e7fc
117,Multimedia Speaker Advance CLS-101 Super Bass 2.0 Channel speaker,3,"Barang pecah dipinggir , kecewa",https://shopee.co.id/Multimedia-Speaker-Advance-CLS-101-Super-Bass-2.0-Channel-speaker-i.131417530.13438174918?sp_atk=37d93b5d-da2d-4938-98dc-81404d25e7fc&xptdk=37d93b5d-da2d-4938-98dc-81404d25e7fc
118,Multimedia Speaker Advance CLS-101 Super Bass 2.0 Channel speaker,3,suaranya lumayan kenceng,https://shopee.co.id/Multimedia-Speaker-Advance-CLS-101-Super-Bass-2.0-Channel-speaker-i.131417530.13438174918?sp_atk=37d93b5d-da2d-4938-98dc-81404d25e7fc&xptdk=37d93b5d-da2d-4938-98dc-81404d25e7fc
119,Multimedia Speaker Advance CLS-101 Super Bass 2.0 Channel speaker,3, ok blmd cb mungil banget musik,https://shopee.co.id/Multimedia-Speaker-Advance-CLS-101-Super-Bass-2.0-Channel-speaker-i.131417530.13438174918?sp_atk=37d93b5d-da2d-4938-98dc-81404d25e7fc&xptdk=37d93b5d-da2d-4938-98dc-81404d25e7fc
120,Multimedia Speaker Advance CLS-101 Super Bass 2.0 Channel speaker,3,bagus sesuai sama barang,https://shopee.co.id/Multimedia-Speaker-Advance-CLS-101-Super-Bass-2.0-Channel-speaker-i.131417530.13438174918?sp_atk=37d93b5d-da2d-4938-98dc-81404d25e7fc&xptdk=37d93b5d-da2d-4938-98dc-81404d25e7fc
121,ACOME Super Bass Speaker Bluetooth A1 A5 A10 A15 A16 A17 A20 5.2 10W High Power 3 Playback Modes,3,"jujur klaim suaranya katanya bisa sampe 20m2, ini kuping gua yg budeg apa emang suara yg dihasilkan kecil, sama kaya speaker hp. padahal udh full volumenya. bassnya kecil, triblenya jernih. buildnya biasa lah, trs ada lampu2 nya gitu. ntah lah mungkin ekspetasi gua yg ketinggian. jd sedih",https://shopee.co.id/ACOME-Super-Bass-Speaker-Bluetooth-A1-A5-A10-A15-A16-A17-A20-5.2-10W-High-Power-3-Playback-Modes-Garansi-Resmi-1-Tahun-i.161425378.5862399082?sp_atk=44c60474-18be-4fdc-b460-df022f0fd83c&xptdk=44c60474-18be-4fdc-b460-df022f0fd83c
122,ACOME Super Bass Speaker Bluetooth A1 A5 A10 A15 A16 A17 A20 5.2 10W High Power 3 Playback Modes,3,"Meskipun Hi-fi tapi menurut saya bassnya kurang kenceng, lebih ke Trebel daripada bass. Bassnya masih kalah sama speaker sebelah yg harga 50k",https://shopee.co.id/ACOME-Super-Bass-Speaker-Bluetooth-A1-A5-A10-A15-A16-A17-A20-5.2-10W-High-Power-3-Playback-Modes-Garansi-Resmi-1-Tahun-i.161425378.5862399082?sp_atk=44c60474-18be-4fdc-b460-df022f0fd83c&xptdk=44c60474-18be-4fdc-b460-df022f0fd83c
123,ACOME Super Bass Speaker Bluetooth A1 A5 A10 A15 A16 A17 A20 5.2 10W High Power 3 Playback Modes,3,"Barangnya sampai dengan selamat, kualitasnya bagus, tapi pengirimannya cukup lama.",https://shopee.co.id/ACOME-Super-Bass-Speaker-Bluetooth-A1-A5-A10-A15-A16-A17-A20-5.2-10W-High-Power-3-Playback-Modes-Garansi-Resmi-1-Tahun-i.161425378.5862399082?sp_atk=44c60474-18be-4fdc-b460-df022f0fd83c&xptdk=44c60474-18be-4fdc-b460-df022f0fd83c
124,ACOME Super Bass Speaker Bluetooth A1 A5 A10 A15 A16 A17 A20 5.2 10W High Power 3 Playback Modes,3,"pengiriman lumayan cepet dan yaa cukup puas sama barangnya, apalagi dapet harga diskon juga. tapi admin pls packingnya ditingkatin lg dong, kan udah banyak yg ngeluh jg soal packing. ini barang elektronik jadi pake kardus dan bubble wrap yg aman. ini boxnya penyok loh untung speakernya baik baik aja",https://shopee.co.id/ACOME-Super-Bass-Speaker-Bluetooth-A1-A5-A10-A15-A16-A17-A20-5.2-10W-High-Power-3-Playback-Modes-Garansi-Resmi-1-Tahun-i.161425378.5862399082?sp_atk=44c60474-18be-4fdc-b460-df022f0fd83c&xptdk=44c60474-18be-4fdc-b460-df022f0fd83c
125,ACOME Super Bass Speaker Bluetooth A1 A5 A10 A15 A16 A17 A20 5.2 10W High Power 3 Playback Modes,3,Pengiriman lumayan lama. Packing sangat bagus.. Tapi kenapa suaranyq agak kresrk2 ya,https://shopee.co.id/ACOME-Super-Bass-Speaker-Bluetooth-A1-A5-A10-A15-A16-A17-A20-5.2-10W-High-Power-3-Playback-Modes-Garansi-Resmi-1-Tahun-i.161425378.5862399082?sp_atk=44c60474-18be-4fdc-b460-df022f0fd83c&xptdk=44c60474-18be-4fdc-b460-df022f0fd83c
126,ACOME Super Bass Speaker Bluetooth A1 A5 A10 A15 A16 A17 A20 5.2 10W High Power 3 Playback Modes,3,"barang original kualitasnya standar, maaf ya seller hrus menanggung beban bintang 3 karena kurirnya lambat dlm pengiriman barang",https://shopee.co.id/ACOME-Super-Bass-Speaker-Bluetooth-A1-A5-A10-A15-A16-A17-A20-5.2-10W-High-Power-3-Playback-Modes-Garansi-Resmi-1-Tahun-i.161425378.5862399082?sp_atk=44c60474-18be-4fdc-b460-df022f0fd83c&xptdk=44c60474-18be-4fdc-b460-df022f0fd83c
127,ACOME Super Bass Speaker Bluetooth A1 A5 A10 A15 A16 A17 A20 5.2 10W High Power 3 Playback Modes,3,"Kualitas produk standart, harga produk standart, kecepatan pengiriman standart, respons penjual standart............ Thx.......",https://shopee.co.id/ACOME-Super-Bass-Speaker-Bluetooth-A1-A5-A10-A15-A16-A17-A20-5.2-10W-High-Power-3-Playback-Modes-Garansi-Resmi-1-Tahun-i.161425378.5862399082?sp_atk=44c60474-18be-4fdc-b460-df022f0fd83c&xptdk=44c60474-18be-4fdc-b460-df022f0fd83c
128,ACOME Super Bass Speaker Bluetooth A1 A5 A10 A15 A16 A17 A20 5.2 10W High Power 3 Playback Modes,3,Bass kurang nampol. Sebenarnya ini speaker cocok buat nonton film dilaptop. Klo untuk musik. Ampass kali. Wkwwkwk,https://shopee.co.id/ACOME-Super-Bass-Speaker-Bluetooth-A1-A5-A10-A15-A16-A17-A20-5.2-10W-High-Power-3-Playback-Modes-Garansi-Resmi-1-Tahun-i.161425378.5862399082?sp_atk=44c60474-18be-4fdc-b460-df022f0fd83c&xptdk=44c60474-18be-4fdc-b460-df022f0fd83c
129,ACOME Super Bass Speaker Bluetooth A1 A5 A10 A15 A16 A17 A20 5.2 10W High Power 3 Playback Modes,3,"Produk sesuai pemesanan. Mendarat dengan baik, packingnya bagus sekali, tolong diperbaiki kedepannya. Agar selalu aman pengiriman!!",https://shopee.co.id/ACOME-Super-Bass-Speaker-Bluetooth-A1-A5-A10-A15-A16-A17-A20-5.2-10W-High-Power-3-Playback-Modes-Garansi-Resmi-1-Tahun-i.161425378.5862399082?sp_atk=44c60474-18be-4fdc-b460-df022f0fd83c&xptdk=44c60474-18be-4fdc-b460-df022f0fd83c
130,ACOME Super Bass Speaker Bluetooth A1 A5 A10 A15 A16 A17 A20 5.2 10W High Power 3 Playback Modes,3,"Kualitas barang lumayan bagus dengan harga segitu, tapi sayang pengiriman nya agak lambat Dari yang di jadwalkan sebelum tanggal 15 sudah sampai, ternyata tanggal 18 barang baru di terima",https://shopee.co.id/ACOME-Super-Bass-Speaker-Bluetooth-A1-A5-A10-A15-A16-A17-A20-5.2-10W-High-Power-3-Playback-Modes-Garansi-Resmi-1-Tahun-i.161425378.5862399082?sp_atk=44c60474-18be-4fdc-b460-df022f0fd83c&xptdk=44c60474-18be-4fdc-b460-df022f0fd83c
131,ACOME Super Bass Speaker Bluetooth A1 A5 A10 A15 A16 A17 A20 5.2 10W High Power 3 Playback Modes,3,Pengemasan lama. Kardus ada penyok tapi barang aman gak ada yg lecet. Suara mantul,https://shopee.co.id/ACOME-Super-Bass-Speaker-Bluetooth-A1-A5-A10-A15-A16-A17-A20-5.2-10W-High-Power-3-Playback-Modes-Garansi-Resmi-1-Tahun-i.161425378.5862399082?sp_atk=44c60474-18be-4fdc-b460-df022f0fd83c&xptdk=44c60474-18be-4fdc-b460-df022f0fd83c
132,ACOME Super Bass Speaker Bluetooth A1 A5 A10 A15 A16 A17 A20 5.2 10W High Power 3 Playback Modes,3,Syukaaa syukaaa,https://shopee.co.id/ACOME-Super-Bass-Speaker-Bluetooth-A1-A5-A10-A15-A16-A17-A20-5.2-10W-High-Power-3-Playback-Modes-Garansi-Resmi-1-Tahun-i.161425378.5862399082?sp_atk=44c60474-18be-4fdc-b460-df022f0fd83c&xptdk=44c60474-18be-4fdc-b460-df022f0fd83c
133,ACOME Super Bass Speaker Bluetooth A1 A5 A10 A15 A16 A17 A20 5.2 10W High Power 3 Playback Modes,3,"Mungkin kedepannya bsa d perbaiki dr segi pengirimannya, karna dr 7.7 kemarin brg baru smpai, dr pilihan d app cuma dgn kargo tdk bsa yg lain pdhl brg ngk smpai 1 kg. Dan d kirim via lwt j*e , sya mesti ngambil jg k kantorny. Utk produk cukup puas.",https://shopee.co.id/ACOME-Super-Bass-Speaker-Bluetooth-A1-A5-A10-A15-A16-A17-A20-5.2-10W-High-Power-3-Playback-Modes-Garansi-Resmi-1-Tahun-i.161425378.5862399082?sp_atk=44c60474-18be-4fdc-b460-df022f0fd83c&xptdk=44c60474-18be-4fdc-b460-df022f0fd83c
134,ACOME Super Bass Speaker Bluetooth A1 A5 A10 A15 A16 A17 A20 5.2 10W High Power 3 Playback Modes,3,"Suaranya pelan kalau pakai bluetooth, kalau pakai flashdisk oke sih kencang suaranya",https://shopee.co.id/ACOME-Super-Bass-Speaker-Bluetooth-A1-A5-A10-A15-A16-A17-A20-5.2-10W-High-Power-3-Playback-Modes-Garansi-Resmi-1-Tahun-i.161425378.5862399082?sp_atk=44c60474-18be-4fdc-b460-df022f0fd83c&xptdk=44c60474-18be-4fdc-b460-df022f0fd83c
135,ACOME Super Bass Speaker Bluetooth A1 A5 A10 A15 A16 A17 A20 5.2 10W High Power 3 Playback Modes,3,Ya lumayanlah.. meskipun suaranya ngga ngebas dan cenderung cempreng. Dan yang lebih disayangi pengiriman nya lama banget apa karena ongkir nya gratis jadi pakai antaraja jadi lebih lama?,https://shopee.co.id/ACOME-Super-Bass-Speaker-Bluetooth-A1-A5-A10-A15-A16-A17-A20-5.2-10W-High-Power-3-Playback-Modes-Garansi-Resmi-1-Tahun-i.161425378.5862399082?sp_atk=44c60474-18be-4fdc-b460-df022f0fd83c&xptdk=44c60474-18be-4fdc-b460-df022f0fd83c
136,Logitech Z121 2.0 Stereo Speaker USB Compact,4,"Pengiriman cepat, packing aman, kualitas produk sesuai dengan harga.",https://shopee.co.id/Logitech-Z121-2.0-Stereo-Speaker-USB-Compact-i.37146675.1258661141?sp_atk=f71f2217-a1ff-436f-828d-5201d10cdd6a&xptdk=f71f2217-a1ff-436f-828d-5201d10cdd6a
137,Logitech Z121 2.0 Stereo Speaker USB Compact,4,Walaupun pengirimannya agak lama tp produknya mantab gapake boong ,https://shopee.co.id/Logitech-Z121-2.0-Stereo-Speaker-USB-Compact-i.37146675.1258661141?sp_atk=f71f2217-a1ff-436f-828d-5201d10cdd6a&xptdk=f71f2217-a1ff-436f-828d-5201d10cdd6a
138,Logitech Z121 2.0 Stereo Speaker USB Compact,4,"Jujur sih bbrp hari pemakaian suaranya kurang kenceng, padahal msh satu ruangan yg mana ruangannya kecil bgt, padahal di sepaket sebelumnya sudah kenceng agak heran ama logitech",https://shopee.co.id/Logitech-Z121-2.0-Stereo-Speaker-USB-Compact-i.37146675.1258661141?sp_atk=f71f2217-a1ff-436f-828d-5201d10cdd6a&xptdk=f71f2217-a1ff-436f-828d-5201d10cdd6a
139,Logitech Z121 2.0 Stereo Speaker USB Compact,4,"Over all berkualitas bagus, tinggal menguji ketangguhannya seiring waktu pemakaiannya nanti. Rekomendasi. Terima kasih Shopee dan terima kasih penjual.",https://shopee.co.id/Logitech-Z121-2.0-Stereo-Speaker-USB-Compact-i.37146675.1258661141?sp_atk=f71f2217-a1ff-436f-828d-5201d10cdd6a&xptdk=f71f2217-a1ff-436f-828d-5201d10cdd6a
140,Logitech Z121 2.0 Stereo Speaker USB Compact,4,"Sudah diterima dengan sangat baik, pengiriman cepat.pesen hri jumat sabtu datang barang nya. Paket dipacking dg buble wrap jd aman.sudah dicoba suaranya sudah maksimal tpi gk terlalu keras suaranya.apa krna pengaturan nya yg saya belum rubah.saya blm tau. Overall saya puas dan suka .top",https://shopee.co.id/Logitech-Z121-2.0-Stereo-Speaker-USB-Compact-i.37146675.1258661141?sp_atk=f71f2217-a1ff-436f-828d-5201d10cdd6a&xptdk=f71f2217-a1ff-436f-828d-5201d10cdd6a
141,Logitech Z121 2.0 Stereo Speaker USB Compact,4,"Dari pihak toko nya agak lama ngirim ke kurirnya, pucking bagus kerdus sama dalemnya ga penyok aman, suara oke ga sumber, berfungsi dengan baik",https://shopee.co.id/Logitech-Z121-2.0-Stereo-Speaker-USB-Compact-i.37146675.1258661141?sp_atk=f71f2217-a1ff-436f-828d-5201d10cdd6a&xptdk=f71f2217-a1ff-436f-828d-5201d10cdd6a
142,Logitech Z121 2.0 Stereo Speaker USB Compact,4,"Maaf yaa cuma dikasih bintang 4, soalnya suaranya kurang :( pdhl udah volume full dilaptop sama speaker nya juga. Tapi tetep kecil :(",https://shopee.co.id/Logitech-Z121-2.0-Stereo-Speaker-USB-Compact-i.37146675.1258661141?sp_atk=f71f2217-a1ff-436f-828d-5201d10cdd6a&xptdk=f71f2217-a1ff-436f-828d-5201d10cdd6a
143,Logitech Z121 2.0 Stereo Speaker USB Compact,4,"Sampai dengan selamat, cuma packing bublewarpnya kurang balance jdi ada beberapa sisi yg bublewarpnya tipis sehingga ada bagian kotak yg penyok pas sampe, overall produknya aman dan berfungsi dengan baik. Thx!",https://shopee.co.id/Logitech-Z121-2.0-Stereo-Speaker-USB-Compact-i.37146675.1258661141?sp_atk=f71f2217-a1ff-436f-828d-5201d10cdd6a&xptdk=f71f2217-a1ff-436f-828d-5201d10cdd6a
144,Logitech Z121 2.0 Stereo Speaker USB Compact,4,"kualitas dari barangnya cukup baik, suara yang dikeluarkan terbilang cukup baik juga, tidak sangat mengecewakan",https://shopee.co.id/Logitech-Z121-2.0-Stereo-Speaker-USB-Compact-i.37146675.1258661141?sp_atk=f71f2217-a1ff-436f-828d-5201d10cdd6a&xptdk=f71f2217-a1ff-436f-828d-5201d10cdd6a
145,Thinkplus Lenovo K3 Portable Speaker Stereo Mini HiFi Wireless Speaker,4,"Paket sudah di terima, sudah di coba juga, dan untuk suaranya biasa aja sih, lebih besar di trebel nya aja.. Bass nya mundur bgt.. Harga segini harusnya bsa dikit lg sih, soalnya aku bandingin sama merek sebelah yg agak murah 25rb suaranya mlh bagus merk sebelah itu, trebel dan bass nya pass",https://shopee.co.id/Thinkplus-Lenovo-K3-Portable-Speaker-Stereo-Mini-HiFi-Wireless-Speaker-i.497337616.10270058665?sp_atk=7259cee7-1d51-476a-89b2-30846836c6e5&xptdk=7259cee7-1d51-476a-89b2-30846836c6e5
146,Thinkplus Lenovo K3 Portable Speaker Stereo Mini HiFi Wireless Speaker,4,"Makasii brg sudah sampai dgn baik semua, ada retak dikit di bagian bawahnya  â€¦ maaf yg ini ga kasih 5* ",https://shopee.co.id/Thinkplus-Lenovo-K3-Portable-Speaker-Stereo-Mini-HiFi-Wireless-Speaker-i.497337616.10270058665?sp_atk=7259cee7-1d51-476a-89b2-30846836c6e5&xptdk=7259cee7-1d51-476a-89b2-30846836c6e6
147,Thinkplus Lenovo K3 Portable Speaker Stereo Mini HiFi Wireless Speaker,4,"Kualitas barangnya oke, lumayan buat denger musik di kamar.",https://shopee.co.id/Thinkplus-Lenovo-K3-Portable-Speaker-Stereo-Mini-HiFi-Wireless-Speaker-i.497337616.10270058665?sp_atk=7259cee7-1d51-476a-89b2-30846836c6e5&xptdk=7259cee7-1d51-476a-89b2-30846836c6e7
148,Thinkplus Lenovo K3 Portable Speaker Stereo Mini HiFi Wireless Speaker,4,Disarankan yg mau beli untuk jedag jeduk maupun yg ngebass banget jangan beli ini,https://shopee.co.id/Thinkplus-Lenovo-K3-Portable-Speaker-Stereo-Mini-HiFi-Wireless-Speaker-i.497337616.10270058665?sp_atk=7259cee7-1d51-476a-89b2-30846836c6e5&xptdk=7259cee7-1d51-476a-89b2-30846836c6e8
149,Thinkplus Lenovo K3 Portable Speaker Stereo Mini HiFi Wireless Speaker,4,"Untuk design oke si, standar lah basic. Tapi syg banget untuk suaranya, bass nya kek gak ada:(( agak sedih tapi yauda lah ya haha bagus kok, cuman kalo nyari yg suara bass nya boom banget boleh di skip ni",https://shopee.co.id/Thinkplus-Lenovo-K3-Portable-Speaker-Stereo-Mini-HiFi-Wireless-Speaker-i.497337616.10270058665?sp_atk=7259cee7-1d51-476a-89b2-30846836c6e5&xptdk=7259cee7-1d51-476a-89b2-30846836c6e9
150,Thinkplus Lenovo K3 Portable Speaker Stereo Mini HiFi Wireless Speaker,4,"Saya kasih bintang 4 karena packingnya kurang, kardus pembungkus speakernya penyok2, untuk speakernya sendiri pas di coba gak ada kendala, untuk suara sesuailah dengan harganya",https://shopee.co.id/Thinkplus-Lenovo-K3-Portable-Speaker-Stereo-Mini-HiFi-Wireless-Speaker-i.497337616.10270058665?sp_atk=7259cee7-1d51-476a-89b2-30846836c6e5&xptdk=7259cee7-1d51-476a-89b2-30846836c6e10
151,Thinkplus Lenovo K3 Portable Speaker Stereo Mini HiFi Wireless Speaker,4,Suara bassnya kurang nendang banget. Tapi untuk lainya cukup laah.,https://shopee.co.id/Thinkplus-Lenovo-K3-Portable-Speaker-Stereo-Mini-HiFi-Wireless-Speaker-i.497337616.10270058665?sp_atk=7259cee7-1d51-476a-89b2-30846836c6e5&xptdk=7259cee7-1d51-476a-89b2-30846836c6e11
152,Thinkplus Lenovo K3 Portable Speaker Stereo Mini HiFi Wireless Speaker,4,"Paket sudah sampai dengan selamat, overall bagus sih cuma untuk bassnya kurang. Terimakasih seller",https://shopee.co.id/Thinkplus-Lenovo-K3-Portable-Speaker-Stereo-Mini-HiFi-Wireless-Speaker-i.497337616.10270058665?sp_atk=7259cee7-1d51-476a-89b2-30846836c6e5&xptdk=7259cee7-1d51-476a-89b2-30846836c6e12
153,Thinkplus Lenovo K3 Portable Speaker Stereo Mini HiFi Wireless Speaker,4,Barang nya sampai dgn kondisi baik dan tidak ada kerusakan,https://shopee.co.id/Thinkplus-Lenovo-K3-Portable-Speaker-Stereo-Mini-HiFi-Wireless-Speaker-i.497337616.10270058665?sp_atk=7259cee7-1d51-476a-89b2-30846836c6e5&xptdk=7259cee7-1d51-476a-89b2-30846836c6e13
154,OLIKE SPEAKER BLUETOOTH WIRELESS PORTABLE LOW LATENCY OBS-110,4,"speakernya oke gaada yg rusak, bass juga lumayan lah dicoba sampe 100%volume biarpun agak krg nendang dikit atleast cukup untuk harganya yg segitu",https://shopee.co.id/OLIKE-SPEAKER-BLUETOOTH-WIRELESS-PORTABLE-LOW-LATENCY-OBS-110-i.59414059.12036133470?sp_atk=02637eb9-f7e3-465a-9e5e-de3ed015619c&xptdk=02637eb9-f7e3-465a-9e5e-de3ed015619c
155,OLIKE SPEAKER BLUETOOTH WIRELESS PORTABLE LOW LATENCY OBS-111,4,"aku penggemar berat OLike dari jaman masih nama Oase. Pertama beli, earphone murah tp mantep bgt bas nya, ke 2 beli kabel data puas bgt fast charging nya, dll",https://shopee.co.id/OLIKE-SPEAKER-BLUETOOTH-WIRELESS-PORTABLE-LOW-LATENCY-OBS-110-i.59414059.12036133470?sp_atk=02637eb9-f7e3-465a-9e5e-de3ed015619c&xptdk=02637eb9-f7e3-465a-9e5e-de3ed015619c
156,OLIKE SPEAKER BLUETOOTH WIRELESS PORTABLE LOW LATENCY OBS-112,4,"Kualitas lumayan untuk harga segitu, pengemasan juga bagus sip lah untuk toko selevel mall",https://shopee.co.id/OLIKE-SPEAKER-BLUETOOTH-WIRELESS-PORTABLE-LOW-LATENCY-OBS-110-i.59414059.12036133470?sp_atk=02637eb9-f7e3-465a-9e5e-de3ed015619c&xptdk=02637eb9-f7e3-465a-9e5e-de3ed015619c
157,OLIKE SPEAKER BLUETOOTH WIRELESS PORTABLE LOW LATENCY OBS-113,4,"Lumayan kalau lagi di luar rumah,bassnya kurang ....",https://shopee.co.id/OLIKE-SPEAKER-BLUETOOTH-WIRELESS-PORTABLE-LOW-LATENCY-OBS-110-i.59414059.12036133470?sp_atk=02637eb9-f7e3-465a-9e5e-de3ed015619c&xptdk=02637eb9-f7e3-465a-9e5e-de3ed015619c
158,OLIKE SPEAKER BLUETOOTH WIRELESS PORTABLE LOW LATENCY OBS-114,4,"Speaker normal dan suaranya mantap, walaupun packing nya penyok. Pelayanan ramah. Kekurangannya pengiriman sangat lama.",https://shopee.co.id/OLIKE-SPEAKER-BLUETOOTH-WIRELESS-PORTABLE-LOW-LATENCY-OBS-110-i.59414059.12036133470?sp_atk=02637eb9-f7e3-465a-9e5e-de3ed015619c&xptdk=02637eb9-f7e3-465a-9e5e-de3ed015619c
159,OLIKE SPEAKER BLUETOOTH WIRELESS PORTABLE LOW LATENCY OBS-115,4,"Barangnya bagus original ,suaranya mantap bass nya",https://shopee.co.id/OLIKE-SPEAKER-BLUETOOTH-WIRELESS-PORTABLE-LOW-LATENCY-OBS-110-i.59414059.12036133470?sp_atk=02637eb9-f7e3-465a-9e5e-de3ed015619c&xptdk=02637eb9-f7e3-465a-9e5e-de3ed015619c
160,OLIKE SPEAKER BLUETOOTH WIRELESS PORTABLE LOW LATENCY OBS-116,4,Barang lumayan sesuai pesanan..cuman suara bassnya kurang..nya cukuplah dengan harga segitu mah,https://shopee.co.id/OLIKE-SPEAKER-BLUETOOTH-WIRELESS-PORTABLE-LOW-LATENCY-OBS-110-i.59414059.12036133470?sp_atk=02637eb9-f7e3-465a-9e5e-de3ed015619c&xptdk=02637eb9-f7e3-465a-9e5e-de3ed015619c
161,OLIKE SPEAKER BLUETOOTH WIRELESS PORTABLE LOW LATENCY OBS-117,4,"Pengiriman cepat, packing rapih kerdus doang lepek kurir nya keujanan, kualitas suara lumayan dah sebanding lah dengan harga nya Semoga awet Sekian Wasalamualaikum warahmatullahi wabarakatuh",https://shopee.co.id/OLIKE-SPEAKER-BLUETOOTH-WIRELESS-PORTABLE-LOW-LATENCY-OBS-110-i.59414059.12036133470?sp_atk=02637eb9-f7e3-465a-9e5e-de3ed015619c&xptdk=02637eb9-f7e3-465a-9e5e-de3ed015619c
162,OLIKE SPEAKER BLUETOOTH WIRELESS PORTABLE LOW LATENCY OBS-118,4,"Keren suaranya oke mantap, bisa dibawa kemana aja, goodlah josss mantap",https://shopee.co.id/OLIKE-SPEAKER-BLUETOOTH-WIRELESS-PORTABLE-LOW-LATENCY-OBS-110-i.59414059.12036133470?sp_atk=02637eb9-f7e3-465a-9e5e-de3ed015619c&xptdk=02637eb9-f7e3-465a-9e5e-de3ed015619c
163,Multimedia Speaker Advance CLS-101 Super Bass 2.0 Channel speaker,4,"Barangnya bagus dan berkualitas, cuman kalah di jasa pengiriman sja shoope express harus nunggu seminggu dlu",https://shopee.co.id/Multimedia-Speaker-Advance-CLS-101-Super-Bass-2.0-Channel-speaker-i.131417530.13438174918?sp_atk=37d93b5d-da2d-4938-98dc-81404d25e7fc&xptdk=37d93b5d-da2d-4938-98dc-81404d25e7fc
164,Multimedia Speaker Advance CLS-101 Super Bass 2.0 Channel speaker,4,"Semoga awet , pengiriman cepat thankyou selllerrrrrrr",https://shopee.co.id/Multimedia-Speaker-Advance-CLS-101-Super-Bass-2.0-Channel-speaker-i.131417530.13438174918?sp_atk=37d93b5d-da2d-4938-98dc-81404d25e7fc&xptdk=37d93b5d-da2d-4938-98dc-81404d25e7fc
165,Multimedia Speaker Advance CLS-101 Super Bass 2.0 Channel speaker,4,"Sound nya oke sih dengan harga segitu. Sempat cuma nyala sebelah, tapi setelah di setting di usb jack nya bisa nyala semua.",https://shopee.co.id/Multimedia-Speaker-Advance-CLS-101-Super-Bass-2.0-Channel-speaker-i.131417530.13438174918?sp_atk=37d93b5d-da2d-4938-98dc-81404d25e7fc&xptdk=37d93b5d-da2d-4938-98dc-81404d25e7fc
166,Multimedia Speaker Advance CLS-101 Super Bass 2.0 Channel speaker,4,"Barang sudah sampai ,suara lumayan kencang ,ada pengatur volume di kabel nya. Harga lumayan murah. Semoga awet ya biar bisa langganan disini",https://shopee.co.id/Multimedia-Speaker-Advance-CLS-101-Super-Bass-2.0-Channel-speaker-i.131417530.13438174918?sp_atk=37d93b5d-da2d-4938-98dc-81404d25e7fc&xptdk=37d93b5d-da2d-4938-98dc-81404d25e7fc
167,Multimedia Speaker Advance CLS-101 Super Bass 2.0 Channel speaker,4,Barang sudah smpai smoga awet,https://shopee.co.id/Multimedia-Speaker-Advance-CLS-101-Super-Bass-2.0-Channel-speaker-i.131417530.13438174918?sp_atk=37d93b5d-da2d-4938-98dc-81404d25e7fc&xptdk=37d93b5d-da2d-4938-98dc-81404d25e7fc
168,Multimedia Speaker Advance CLS-101 Super Bass 2.0 Channel speaker,4,Speakenya ok mantap harga murah..,https://shopee.co.id/Multimedia-Speaker-Advance-CLS-101-Super-Bass-2.0-Channel-speaker-i.131417530.13438174918?sp_atk=37d93b5d-da2d-4938-98dc-81404d25e7fc&xptdk=37d93b5d-da2d-4938-98dc-81404d25e7fc
169,Multimedia Speaker Advance CLS-101 Super Bass 2.0 Channel speaker,4,KUALITAS OK SESUAI HARGA,https://shopee.co.id/Multimedia-Speaker-Advance-CLS-101-Super-Bass-2.0-Channel-speaker-i.131417530.13438174918?sp_atk=37d93b5d-da2d-4938-98dc-81404d25e7fc&xptdk=37d93b5d-da2d-4938-98dc-81404d25e7fc
170,Multimedia Speaker Advance CLS-101 Super Bass 2.0 Channel speaker,4,"Produknya sesuai, mendarat dengan aman. Terima Kasih",https://shopee.co.id/Multimedia-Speaker-Advance-CLS-101-Super-Bass-2.0-Channel-speaker-i.131417530.13438174918?sp_atk=37d93b5d-da2d-4938-98dc-81404d25e7fc&xptdk=37d93b5d-da2d-4938-98dc-81404d25e7fc
171,Multimedia Speaker Advance CLS-101 Super Bass 2.0 Channel speaker,4,Paket sudah diterima. Packaging lumayan aman. Pengiriman juga lumayan cepat. Harganya juga bershabat. So far so good. Makasih seller. Semoga awet.,https://shopee.co.id/Multimedia-Speaker-Advance-CLS-101-Super-Bass-2.0-Channel-speaker-i.131417530.13438174918?sp_atk=37d93b5d-da2d-4938-98dc-81404d25e7fc&xptdk=37d93b5d-da2d-4938-98dc-81404d25e7fc
172,ACOME Super Bass Speaker Bluetooth A1 A5 A10 A15 A16 A17 A20 5.2 10W High Power 3 Playback Modes,4,"mantab, suka banget, barangnya sesuai pesanan dan kurirnya ramah",https://shopee.co.id/ACOME-Super-Bass-Speaker-Bluetooth-A1-A5-A10-A15-A16-A17-A20-5.2-10W-High-Power-3-Playback-Modes-Garansi-Resmi-1-Tahun-i.161425378.5862399082?sp_atk=44c60474-18be-4fdc-b460-df022f0fd83c&xptdk=44c60474-18be-4fdc-b460-df022f0fd83c
173,ACOME Super Bass Speaker Bluetooth A1 A5 A10 A15 A16 A17 A20 5.2 10W High Power 3 Playback Modes,4,"Bgs spekernya, kecil2 kenceng jg jg basnya, bisa di bawa kmn2, mantap! Next order lg",https://shopee.co.id/ACOME-Super-Bass-Speaker-Bluetooth-A1-A5-A10-A15-A16-A17-A20-5.2-10W-High-Power-3-Playback-Modes-Garansi-Resmi-1-Tahun-i.161425378.5862399082?sp_atk=44c60474-18be-4fdc-b460-df022f0fd83c&xptdk=44c60474-18be-4fdc-b460-df022f0fd83c
174,ACOME Super Bass Speaker Bluetooth A1 A5 A10 A15 A16 A17 A20 5.2 10W High Power 3 Playback Modes,4,Salah satu dus nya ada yg penyaok tapi barang nya Aman pengiriman nya lumayan lama tapi keren sih,https://shopee.co.id/ACOME-Super-Bass-Speaker-Bluetooth-A1-A5-A10-A15-A16-A17-A20-5.2-10W-High-Power-3-Playback-Modes-Garansi-Resmi-1-Tahun-i.161425378.5862399082?sp_atk=44c60474-18be-4fdc-b460-df022f0fd83c&xptdk=44c60474-18be-4fdc-b460-df022f0fd83c
175,ACOME Super Bass Speaker Bluetooth A1 A5 A10 A15 A16 A17 A20 5.2 10W High Power 3 Playback Modes,4,"Bagus semua,udah kesekian kalinya beli dsini.makasih banyak respon penjual baik banget makasih",https://shopee.co.id/ACOME-Super-Bass-Speaker-Bluetooth-A1-A5-A10-A15-A16-A17-A20-5.2-10W-High-Power-3-Playback-Modes-Garansi-Resmi-1-Tahun-i.161425378.5862399082?sp_atk=44c60474-18be-4fdc-b460-df022f0fd83c&xptdk=44c60474-18be-4fdc-b460-df022f0fd83c
176,ACOME Super Bass Speaker Bluetooth A1 A5 A10 A15 A16 A17 A20 5.2 10W High Power 3 Playback Modes,4,Mantap pas lagi promo beli buat souvenir semoga sukses terus lapaknya sering2 kasih promonya laris manis paling gila bonusnya byk banget makasih yaaaa,https://shopee.co.id/ACOME-Super-Bass-Speaker-Bluetooth-A1-A5-A10-A15-A16-A17-A20-5.2-10W-High-Power-3-Playback-Modes-Garansi-Resmi-1-Tahun-i.161425378.5862399082?sp_atk=44c60474-18be-4fdc-b460-df022f0fd83c&xptdk=44c60474-18be-4fdc-b460-df022f0fd83c
177,ACOME Super Bass Speaker Bluetooth A1 A5 A10 A15 A16 A17 A20 5.2 10W High Power 3 Playback Modes,4,"Niceee sesuai pesanaan, tapi sayang kardus agak penyok. Harga promo jadi mau coba beli merk ini. Dan hasilnyaaa bagussss diharga seginii dapat kualitass super baguss bginii. Suara bulat tidak pecah. Bass lumayan. Dan yang paling penting body sangat kokoh tidak trkesan murah. Terimakasihhhhh",https://shopee.co.id/ACOME-Super-Bass-Speaker-Bluetooth-A1-A5-A10-A15-A16-A17-A20-5.2-10W-High-Power-3-Playback-Modes-Garansi-Resmi-1-Tahun-i.161425378.5862399082?sp_atk=44c60474-18be-4fdc-b460-df022f0fd83c&xptdk=44c60474-18be-4fdc-b460-df022f0fd83c
178,ACOME Super Bass Speaker Bluetooth A1 A5 A10 A15 A16 A17 A20 5.2 10W High Power 3 Playback Modes,4,"Pengemasan lama bgt, fungsi radio nya ga berguna karna suara nya kresek"".. Ga ada bass, agak mendem gitu suaranya",https://shopee.co.id/ACOME-Super-Bass-Speaker-Bluetooth-A1-A5-A10-A15-A16-A17-A20-5.2-10W-High-Power-3-Playback-Modes-Garansi-Resmi-1-Tahun-i.161425378.5862399082?sp_atk=44c60474-18be-4fdc-b460-df022f0fd83c&xptdk=44c60474-18be-4fdc-b460-df022f0fd83c
179,ACOME Super Bass Speaker Bluetooth A1 A5 A10 A15 A16 A17 A20 5.2 10W High Power 3 Playback Modes,4,Barangnya bagus. Sesuai dengan harga. Sayangnya pengirimannya lamaaaaaaaaaaa sekali.,https://shopee.co.id/ACOME-Super-Bass-Speaker-Bluetooth-A1-A5-A10-A15-A16-A17-A20-5.2-10W-High-Power-3-Playback-Modes-Garansi-Resmi-1-Tahun-i.161425378.5862399082?sp_atk=44c60474-18be-4fdc-b460-df022f0fd83c&xptdk=44c60474-18be-4fdc-b460-df022f0fd83c
180,ACOME Super Bass Speaker Bluetooth A1 A5 A10 A15 A16 A17 A20 5.2 10W High Power 3 Playback Modes,4,Barangnya bagus sesuai dengan deskripsi tapi pengirimannya lama banget,https://shopee.co.id/ACOME-Super-Bass-Speaker-Bluetooth-A1-A5-A10-A15-A16-A17-A20-5.2-10W-High-Power-3-Playback-Modes-Garansi-Resmi-1-Tahun-i.161425378.5862399082?sp_atk=44c60474-18be-4fdc-b460-df022f0fd83c&xptdk=44c60474-18be-4fdc-b460-df022f0fd83c
181,Logitech Z121 2.0 Stereo Speaker USB Compact,5,Barang sudah di terima sesuai pesanan .. barang original.. premium .. speaker kerenn.. klo bisa ada warna hitam yg akn datang.. pngriman cepet bangett .. parah expidisi luar biasa dari shope expresa ngga nyangka makasih shopee,https://shopee.co.id/Logitech-Z121-2.0-Stereo-Speaker-USB-Compact-i.37146675.1258661141?sp_atk=f71f2217-a1ff-436f-828d-5201d10cdd6a&xptdk=f71f2217-a1ff-436f-828d-5201d10cdd6a
182,Logitech Z121 2.0 Stereo Speaker USB Compact,5,"Lumayan worth to buy, kualitas dari material speaker cukup bagus, bass dan treble sounds good to hear. Desainnya juga cakep, minimalis ala"" gitu.",https://shopee.co.id/Logitech-Z121-2.0-Stereo-Speaker-USB-Compact-i.37146675.1258661141?sp_atk=f71f2217-a1ff-436f-828d-5201d10cdd6a&xptdk=f71f2217-a1ff-436f-828d-5201d10cdd6a
183,Logitech Z121 2.0 Stereo Speaker USB Compact,5,Produk logitech pertama aku dan bagus bnget mulus dan jernih suaranya huhu,https://shopee.co.id/Logitech-Z121-2.0-Stereo-Speaker-USB-Compact-i.37146675.1258661141?sp_atk=f71f2217-a1ff-436f-828d-5201d10cdd6a&xptdk=f71f2217-a1ff-436f-828d-5201d10cdd6a
184,Logitech Z121 2.0 Stereo Speaker USB Compact,5,"Produk baik dengan suara jernih, pengiriman & pengemasan oke. Thanks seller ",https://shopee.co.id/Logitech-Z121-2.0-Stereo-Speaker-USB-Compact-i.37146675.1258661141?sp_atk=f71f2217-a1ff-436f-828d-5201d10cdd6a&xptdk=f71f2217-a1ff-436f-828d-5201d10cdd6a
185,Thinkplus Lenovo K3 Portable Speaker Stereo Mini HiFi Wireless Speaker,5,"Terbaik ini,,, suara halus...",https://shopee.co.id/Thinkplus-Lenovo-K3-Portable-Speaker-Stereo-Mini-HiFi-Wireless-Speaker-i.497337616.10270058665?sp_atk=7259cee7-1d51-476a-89b2-30846836c6e5&xptdk=7259cee7-1d51-476a-89b2-30846836c6e5
186,Thinkplus Lenovo K3 Portable Speaker Stereo Mini HiFi Wireless Speaker,5,"Pengiriman cepat, packaging rapih dan aman. Barang sesuai dengan pesanan dan harganya murah banget! Lebih dari worth it untuk harga segini sih, suaranya ok banget buat play lagu dari apple music",https://shopee.co.id/Thinkplus-Lenovo-K3-Portable-Speaker-Stereo-Mini-HiFi-Wireless-Speaker-i.497337616.10270058665?sp_atk=7259cee7-1d51-476a-89b2-30846836c6e5&xptdk=7259cee7-1d51-476a-89b2-30846836c6e6
187,Thinkplus Lenovo K3 Portable Speaker Stereo Mini HiFi Wireless Speaker,5,"Peralatan bagus, udah di test juga products bagus. Semoga awet di pakai, pokoknya mantap dech ach... Siip",https://shopee.co.id/Thinkplus-Lenovo-K3-Portable-Speaker-Stereo-Mini-HiFi-Wireless-Speaker-i.497337616.10270058665?sp_atk=7259cee7-1d51-476a-89b2-30846836c6e5&xptdk=7259cee7-1d51-476a-89b2-30846836c6e7
188,Thinkplus Lenovo K3 Portable Speaker Stereo Mini HiFi Wireless Speaker,5,"Paket sdh dterima dgn sangat baik sesuai pesanan,kualitas lenovo gk ush diragukan lg mantab detail suara jelas bas mantab pengiriman patas paking aman mkasih scan barcode original lenovo real time",https://shopee.co.id/Thinkplus-Lenovo-K3-Portable-Speaker-Stereo-Mini-HiFi-Wireless-Speaker-i.497337616.10270058665?sp_atk=7259cee7-1d51-476a-89b2-30846836c6e5&xptdk=7259cee7-1d51-476a-89b2-30846836c6e8
189,OLIKE SPEAKER BLUETOOTH WIRELESS PORTABLE LOW LATENCY OBS-110,5,Barangnga bagus bisa dj gunakan tapi untuk speker belum aku coba tapi bagusss babget,https://shopee.co.id/OLIKE-SPEAKER-BLUETOOTH-WIRELESS-PORTABLE-LOW-LATENCY-OBS-110-i.59414059.12036133470?sp_atk=02637eb9-f7e3-465a-9e5e-de3ed015619c&xptdk=02637eb9-f7e3-465a-9e5e-de3ed015619c
190,OLIKE SPEAKER BLUETOOTH WIRELESS PORTABLE LOW LATENCY OBS-111,5,"Bagus bgt, pengemasan aman, pengiriman juga cepat, produk sesuai dengan harga bahkan lebih baik",https://shopee.co.id/OLIKE-SPEAKER-BLUETOOTH-WIRELESS-PORTABLE-LOW-LATENCY-OBS-110-i.59414059.12036133470?sp_atk=02637eb9-f7e3-465a-9e5e-de3ed015619c&xptdk=02637eb9-f7e3-465a-9e5e-de3ed015619c
191,OLIKE SPEAKER BLUETOOTH WIRELESS PORTABLE LOW LATENCY OBS-112,5,"Barang super duper original,, fitur normal semua.. gada ada cacat, dikirim cepat,, packing bagus ada bubble warp.. mantap",https://shopee.co.id/OLIKE-SPEAKER-BLUETOOTH-WIRELESS-PORTABLE-LOW-LATENCY-OBS-110-i.59414059.12036133470?sp_atk=02637eb9-f7e3-465a-9e5e-de3ed015619c&xptdk=02637eb9-f7e3-465a-9e5e-de3ed015619c
192,OLIKE SPEAKER BLUETOOTH WIRELESS PORTABLE LOW LATENCY OBS-113,5,"Udah 2 kali beli speaker ini, bagus banget. Ga kecewa lah.. makasi banyak loh ya. Di tunggu give away nya. Wkwkwkwk",https://shopee.co.id/OLIKE-SPEAKER-BLUETOOTH-WIRELESS-PORTABLE-LOW-LATENCY-OBS-110-i.59414059.12036133470?sp_atk=02637eb9-f7e3-465a-9e5e-de3ed015619c&xptdk=02637eb9-f7e3-465a-9e5e-de3ed015619c
193,Multimedia Speaker Advance CLS-101 Super Bass 2.0 Channel speaker,5,Recomended seller fast respon dan profesional packing rapi dan aman terima kasih banyak sebelumnya ya sukses selalu ya,https://shopee.co.id/Multimedia-Speaker-Advance-CLS-101-Super-Bass-2.0-Channel-speaker-i.131417530.13438174918?sp_atk=37d93b5d-da2d-4938-98dc-81404d25e7fc&xptdk=37d93b5d-da2d-4938-98dc-81404d25e7fc
194,Multimedia Speaker Advance CLS-101 Super Bass 2.0 Channel speaker,5,Ukurannya kecil tapi suaranya besar sih paslah dengan harga segitu,https://shopee.co.id/Multimedia-Speaker-Advance-CLS-101-Super-Bass-2.0-Channel-speaker-i.131417530.13438174918?sp_atk=37d93b5d-da2d-4938-98dc-81404d25e7fc&xptdk=37d93b5d-da2d-4938-98dc-81404d25e7fc
195,Multimedia Speaker Advance CLS-101 Super Bass 2.0 Channel speaker,5,"Speakernya bagus suara jernih kualitas bukan kaleng kaleng,top banget ini mah kayak speaker mahal. Tampilan elegan Sukses terus",https://shopee.co.id/Multimedia-Speaker-Advance-CLS-101-Super-Bass-2.0-Channel-speaker-i.131417530.13438174918?sp_atk=37d93b5d-da2d-4938-98dc-81404d25e7fc&xptdk=37d93b5d-da2d-4938-98dc-81404d25e7fc
196,Multimedia Speaker Advance CLS-101 Super Bass 2.0 Channel speaker,5,"Produk datang sesuai pesanan, pengiriman cepat, produk normal, semoga awet tahan lama,",https://shopee.co.id/Multimedia-Speaker-Advance-CLS-101-Super-Bass-2.0-Channel-speaker-i.131417530.13438174918?sp_atk=37d93b5d-da2d-4938-98dc-81404d25e7fc&xptdk=37d93b5d-da2d-4938-98dc-81404d25e7fc
197,ACOME Super Bass Speaker Bluetooth A1 A5 A10 A15 A16 A17 A20 5.2 10W High Power 3 Playback Modes,5,Kualitas baik suara ok jernih full volume,https://shopee.co.id/ACOME-Super-Bass-Speaker-Bluetooth-A1-A5-A10-A15-A16-A17-A20-5.2-10W-High-Power-3-Playback-Modes-Garansi-Resmi-1-Tahun-i.161425378.5862399082?sp_atk=44c60474-18be-4fdc-b460-df022f0fd83c&xptdk=44c60474-18be-4fdc-b460-df022f0fd83c
198,ACOME Super Bass Speaker Bluetooth A1 A5 A10 A15 A16 A17 A20 5.2 10W High Power 3 Playback Modes,5,Mantap pokonya wajib dibeliiii gaakan nyesel!!!!,https://shopee.co.id/ACOME-Super-Bass-Speaker-Bluetooth-A1-A5-A10-A15-A16-A17-A20-5.2-10W-High-Power-3-Playback-Modes-Garansi-Resmi-1-Tahun-i.161425378.5862399082?sp_atk=44c60474-18be-4fdc-b460-df022f0fd83c&xptdk=44c60474-18be-4fdc-b460-df022f0fd83c
199,ACOME Super Bass Speaker Bluetooth A1 A5 A10 A15 A16 A17 A20 5.2 10W High Power 3 Playback Modes,5,"Barang jos,. Mantap,rek,... Harga murah bingit,.. Terima shoope dan seller..",https://shopee.co.id/ACOME-Super-Bass-Speaker-Bluetooth-A1-A5-A10-A15-A16-A17-A20-5.2-10W-High-Power-3-Playback-Modes-Garansi-Resmi-1-Tahun-i.161425378.5862399082?sp_atk=44c60474-18be-4fdc-b460-df022f0fd83c&xptdk=44c60474-18be-4fdc-b460-df022f0fd83c
200,ACOME Super Bass Speaker Bluetooth A1 A5 A10 A15 A16 A17 A20 5.2 10W High Power 3 Playback Modes,5,Makasih banyak ka barangnya udah nyampe semoga laris manis y ka jualan ku biar bisa order lagi,https://shopee.co.id/ACOME-Super-Bass-Speaker-Bluetooth-A1-A5-A10-A15-A16-A17-A20-5.2-10W-High-Power-3-Playback-Modes-Garansi-Resmi-1-Tahun-i.161425378.5862399082?sp_atk=44c60474-18be-4fdc-b460-df022f0fd83c&xptdk=44c60474-18be-4fdc-b460-df022f0fd83c